activity,status,pct
Health care,Need fully met,77.9
Health care,Need not fully met,20.4
Self-care,Need fully met,76.4
Self-care,Need not fully met,26.9
Meal preparation,Need fully met,73.5
Meal preparation,Need not fully met,27.4
Property maintenance,Need fully met,72.4
Property maintenance,Need not fully met,22.9
Reading or writing tasks,Need fully met,71.7
Reading or writing tasks,Need not fully met,22.2
Transport,Need fully met,68.5
Transport,Need not fully met,25.4
Mobility,Need fully met,60.1
Mobility,Need not fully met,39.4
Communication,Need fully met,57.0
Communication,Need not fully met,43.4
Cognitive or emotional tasks,Need fully met,51.7
Cognitive or emotional tasks,Need not fully met,47.3
Household chores,Need fully met,41.5
Household chores,Need not fully met,49.4
