lga_code,lga_name,state,vulnerable_1plus_count,vulnerable_1plus_valid_n,vulnerable_1plus_pct,vulnerable_2plus_count,vulnerable_2plus_valid_n,vulnerable_2plus_pct,on_track_all5_count,on_track_all5_valid_n,on_track_all5_pct
10050,Albury,NEW SOUTH WALES,151,640,23.59375,89,643,13.841368584758943,283,642,44.0809968847352
10180,Armidale Regional,NEW SOUTH WALES,110,287,38.32752613240418,65,287,22.64808362369338,125,288,43.40277777777778
10250,Ballina,NEW SOUTH WALES,76,406,18.7192118226601,28,408,6.862745098039216,236,406,58.128078817733986
10300,Balranald,NEW SOUTH WALES,10,27,37.03703703703704,6,27,22.22222222222222,8,27,29.629629629629626
10470,Bathurst Regional,NEW SOUTH WALES,118,498,23.694779116465863,54,497,10.865191146881289,263,501,52.49500998003992
10500,Bayside (NSW),NEW SOUTH WALES,304,1495,20.334448160535118,143,1509,9.476474486414844,842,1501,56.095936042638236
10550,Bega Valley,NEW SOUTH WALES,81,288,28.125,44,294,14.965986394557824,127,292,43.49315068493151
10600,Bellingen,NEW SOUTH WALES,,,,,,,,,
10650,Berrigan,NEW SOUTH WALES,14,72,19.444444444444446,10,72,13.88888888888889,47,72,65.27777777777779
10750,Blacktown,NEW SOUTH WALES,1454,5478,26.542533771449435,776,5502,14.103962195565249,2693,5484,49.10649161196207
10800,Bland,NEW SOUTH WALES,12,66,18.181818181818183,7,66,10.606060606060606,38,66,57.57575757575758
10850,Blayney,NEW SOUTH WALES,25,97,25.773195876288657,13,97,13.402061855670103,52,97,53.608247422680414
10900,Blue Mountains,NEW SOUTH WALES,102,663,15.384615384615385,41,665,6.165413533834586,407,665,61.203007518796994
10950,Bogan,NEW SOUTH WALES,4,41,9.75609756097561,3,41,7.317073170731707,28,41,68.29268292682927
11150,Bourke,NEW SOUTH WALES,14,31,45.16129032258064,9,31,29.03225806451613,13,31,41.935483870967744
11200,Brewarrina,NEW SOUTH WALES,12,21,57.14285714285714,5,22,22.727272727272727,7,22,31.818181818181817
11250,Broken Hill,NEW SOUTH WALES,54,179,30.16759776536313,41,179,22.905027932960895,76,179,42.45810055865922
11300,Burwood,NEW SOUTH WALES,61,274,22.26277372262774,24,273,8.791208791208792,152,274,55.47445255474452
11350,Byron,NEW SOUTH WALES,57,322,17.70186335403727,30,325,9.230769230769232,188,324,58.0246913580247
11400,Cabonne,NEW SOUTH WALES,35,161,21.73913043478261,20,161,12.422360248447205,87,161,54.037267080745345
11450,Camden,NEW SOUTH WALES,427,2112,20.21780303030303,208,2116,9.829867674858223,1136,2117,53.660840812470475
11500,Campbelltown (NSW),NEW SOUTH WALES,609,2347,25.948018747337027,307,2351,13.058273075287111,1163,2351,49.468311356869414
11520,Canada Bay,NEW SOUTH WALES,142,744,19.086021505376344,50,748,6.684491978609626,426,750,56.8
11570,Canterbury-Bankstown,NEW SOUTH WALES,980,4225,23.19526627218935,508,4246,11.964201601507302,2247,4246,52.920395666509656
11600,Carrathool,NEW SOUTH WALES,4,38,10.526315789473683,0,38,0,26,38,68.42105263157895
11650,Central Coast (NSW),NEW SOUTH WALES,743,3647,20.37290924047162,390,3657,10.66447908121411,2037,3653,55.76238707911306
11700,Central Darling,NEW SOUTH WALES,9,21,42.857142857142854,4,24,16.666666666666664,6,21,28.57142857142857
11720,Cessnock,NEW SOUTH WALES,218,780,27.94871794871795,119,779,15.275994865211809,364,780,46.666666666666664
11730,Clarence Valley,NEW SOUTH WALES,117,553,21.15732368896926,63,553,11.39240506329114,324,553,58.58951175406871
11750,Cobar,NEW SOUTH WALES,19,51,37.254901960784316,14,51,27.450980392156865,14,51,27.450980392156865
11800,Coffs Harbour,NEW SOUTH WALES,192,729,26.337448559670783,103,729,14.12894375857339,381,729,52.2633744855967
12000,Coolamon,NEW SOUTH WALES,12,64,18.75,5,64,7.8125,43,64,67.1875
12150,Coonamble,NEW SOUTH WALES,28,68,41.17647058823529,11,71,15.492957746478872,22,73,30.136986301369863
12160,Cootamundra-Gundagai Regional,NEW SOUTH WALES,18,108,16.666666666666664,13,108,12.037037037037036,61,108,56.481481481481474
12350,Cowra,NEW SOUTH WALES,36,126,28.57142857142857,23,126,18.253968253968253,51,126,40.476190476190474
12380,Cumberland,NEW SOUTH WALES,793,2964,26.75438596491228,408,2976,13.709677419354838,1406,2977,47.22875377897212
12390,Dubbo Regional,NEW SOUTH WALES,147,611,24.058919803600652,68,610,11.147540983606557,299,612,48.8562091503268
12700,Dungog,NEW SOUTH WALES,30,106,28.30188679245283,17,106,16.037735849056602,51,106,48.113207547169814
12730,Edward River,NEW SOUTH WALES,21,94,22.340425531914892,12,94,12.76595744680851,51,94,54.25531914893617
12750,Eurobodalla,NEW SOUTH WALES,78,301,25.91362126245847,41,302,13.57615894039735,144,302,47.682119205298015
12850,Fairfield,NEW SOUTH WALES,618,1997,30.946419629444165,360,2002,17.982017982017982,930,2003,46.43035446829755
12870,Federation,NEW SOUTH WALES,38,121,31.40495867768595,22,121,18.181818181818183,46,121,38.01652892561984
12900,Forbes,NEW SOUTH WALES,26,111,23.423423423423422,13,111,11.711711711711711,66,111,59.45945945945946
12930,Georges River,NEW SOUTH WALES,271,1323,20.48374905517763,138,1325,10.415094339622641,725,1325,54.71698113207547
12950,Gilgandra,NEW SOUTH WALES,12,46,26.08695652173913,5,46,10.869565217391305,20,46,43.47826086956522
13010,Glen Innes Severn,NEW SOUTH WALES,22,65,33.84615384615385,14,64,21.875,31,65,47.69230769230769
13310,Goulburn Mulwaree,NEW SOUTH WALES,70,341,20.527859237536656,38,341,11.143695014662756,186,341,54.54545454545454
13340,Greater Hume Shire,NEW SOUTH WALES,31,103,30.097087378640776,12,103,11.650485436893204,46,103,44.66019417475729
13450,Griffith,NEW SOUTH WALES,86,303,28.38283828382838,45,318,14.150943396226415,153,312,49.03846153846153
13550,Gunnedah,NEW SOUTH WALES,36,142,25.352112676056336,19,142,13.380281690140844,72,142,50.70422535211267
13660,Gwydir,NEW SOUTH WALES,25,43,58.139534883720934,20,44,45.45454545454545,10,43,23.25581395348837
13800,Hawkesbury,NEW SOUTH WALES,115,714,16.106442577030812,61,716,8.519553072625698,426,716,59.49720670391061
13850,Hay,NEW SOUTH WALES,11,23,47.82608695652174,6,24,25,5,23,21.73913043478261
13910,Hilltops,NEW SOUTH WALES,41,192,21.354166666666664,20,192,10.416666666666668,121,192,63.020833333333336
14000,Hornsby,NEW SOUTH WALES,290,1554,18.661518661518663,123,1557,7.89980732177264,884,1556,56.81233933161953
14100,Hunters Hill,NEW SOUTH WALES,15,127,11.811023622047244,8,127,6.299212598425196,86,127,67.71653543307087
14170,Inner West,NEW SOUTH WALES,220,1431,15.373864430468204,103,1442,7.142857142857142,886,1437,61.6562282533055
14220,Inverell,NEW SOUTH WALES,52,178,29.213483146067414,28,187,14.973262032085561,77,179,43.01675977653631
14300,Junee,NEW SOUTH WALES,13,52,25,8,52,15.384615384615385,27,52,51.92307692307693
14350,Kempsey,NEW SOUTH WALES,78,262,29.770992366412212,46,262,17.557251908396946,118,262,45.038167938931295
14400,Kiama,NEW SOUTH WALES,23,215,10.69767441860465,12,216,5.555555555555555,149,216,68.98148148148148
14500,Ku-ring-gai,NEW SOUTH WALES,209,1141,18.31726555652936,85,1153,7.372072853425846,671,1150,58.34782608695652
14550,Kyogle,NEW SOUTH WALES,33,99,33.33333333333333,24,99,24.242424242424242,52,99,52.52525252525253
14600,Lachlan,NEW SOUTH WALES,20,74,27.027027027027028,13,74,17.56756756756757,35,74,47.2972972972973
14650,Lake Macquarie,NEW SOUTH WALES,426,2148,19.832402234636874,231,2148,10.754189944134078,1161,2148,54.05027932960894
14700,Lane Cove,NEW SOUTH WALES,64,418,15.311004784688995,27,420,6.428571428571428,224,419,53.46062052505967
14750,Leeton,NEW SOUTH WALES,33,137,24.087591240875913,13,137,9.48905109489051,72,137,52.55474452554745
14850,Lismore,NEW SOUTH WALES,82,348,23.563218390804597,55,348,15.804597701149426,185,349,53.00859598853869
14870,Lithgow,NEW SOUTH WALES,35,160,21.875,16,160,10,95,160,59.375
14900,Liverpool,NEW SOUTH WALES,809,3103,26.071543667418627,456,3128,14.578005115089516,1529,3115,49.08507223113965
14920,Liverpool Plains,NEW SOUTH WALES,20,65,30.76923076923077,8,65,12.307692307692308,30,65,46.15384615384615
14950,Lockhart,NEW SOUTH WALES,4,37,10.81081081081081,1,37,2.7027027027027026,25,37,67.56756756756756
15050,Maitland,NEW SOUTH WALES,264,1144,23.076923076923077,158,1144,13.81118881118881,598,1145,52.227074235807855
15240,Mid-Coast,NEW SOUTH WALES,180,785,22.929936305732486,115,786,14.631043256997456,408,788,51.776649746192895
15270,Mid-Western Regional,NEW SOUTH WALES,93,314,29.617834394904456,47,315,14.920634920634921,150,315,47.61904761904761
15300,Moree Plains,NEW SOUTH WALES,42,127,33.07086614173229,29,127,22.83464566929134,57,127,44.881889763779526
15350,Mosman,NEW SOUTH WALES,19,216,8.796296296296296,5,217,2.3041474654377883,168,216,77.77777777777779
15520,Murray River,NEW SOUTH WALES,18,126,14.285714285714285,9,126,7.142857142857142,87,126,69.04761904761905
15560,Murrumbidgee,NEW SOUTH WALES,11,26,42.30769230769231,9,26,34.61538461538461,9,26,34.61538461538461
15650,Muswellbrook,NEW SOUTH WALES,60,183,32.78688524590164,31,183,16.939890710382514,74,183,40.43715846994536
15700,Nambucca Valley,NEW SOUTH WALES,61,175,34.85714285714286,28,176,15.909090909090908,78,175,44.57142857142857
15750,Narrabri,NEW SOUTH WALES,27,137,19.708029197080293,14,137,10.218978102189782,67,137,48.9051094890511
15800,Narrandera,NEW SOUTH WALES,21,76,27.631578947368425,14,76,18.421052631578945,41,76,53.94736842105263
15850,Narromine,NEW SOUTH WALES,9,57,15.789473684210526,6,56,10.714285714285714,36,57,63.1578947368421
15900,Newcastle,NEW SOUTH WALES,320,1609,19.888129272840274,187,1610,11.614906832298137,924,1611,57.35567970204841
15950,North Sydney,NEW SOUTH WALES,81,478,16.94560669456067,41,478,8.577405857740587,282,478,58.995815899581594
15990,Northern Beaches,NEW SOUTH WALES,332,2564,12.948517940717629,142,2569,5.5274425846632935,1701,2566,66.28994544037413
16100,Oberon,NEW SOUTH WALES,13,50,26,7,50,14.000000000000002,28,51,54.90196078431373
16150,Orange,NEW SOUTH WALES,123,471,26.11464968152866,57,471,12.101910828025478,254,471,53.92781316348195
16200,Parkes,NEW SOUTH WALES,45,181,24.861878453038674,23,184,12.5,94,181,51.93370165745856
16260,Parramatta,NEW SOUTH WALES,606,2800,21.642857142857146,289,2803,10.310381733856582,1569,2804,55.95577746077033
16350,Penrith,NEW SOUTH WALES,638,2618,24.369747899159663,358,2618,13.674560733384263,1339,2621,51.08737123235406
16380,Port Macquarie-Hastings,NEW SOUTH WALES,180,747,24.096385542168676,95,750,12.666666666666668,382,749,51.00133511348465
16400,Port Stephens,NEW SOUTH WALES,162,678,23.893805309734514,90,683,13.177159590043924,382,681,56.093979441997064
16490,Queanbeyan-Palerang Regional,NEW SOUTH WALES,175,746,23.458445040214475,82,757,10.83223249669749,390,750,52
16550,Randwick,NEW SOUTH WALES,181,1065,16.995305164319248,84,1071,7.8431372549019605,619,1067,58.01312089971884
16610,Richmond Valley,NEW SOUTH WALES,37,214,17.289719626168225,21,214,9.813084112149532,139,214,64.95327102803739
16700,Ryde,NEW SOUTH WALES,251,1274,19.701726844583987,118,1277,9.240407204385278,714,1277,55.912294440093966
16900,Shellharbour,NEW SOUTH WALES,221,909,24.312431243124312,122,912,13.37719298245614,443,911,48.62788144895719
16950,Shoalhaven,NEW SOUTH WALES,268,1091,24.56461961503208,134,1094,12.248628884826324,545,1092,49.908424908424905
17000,Singleton,NEW SOUTH WALES,58,261,22.22222222222222,35,261,13.409961685823754,135,261,51.724137931034484
17040,Snowy Monaro Regional,NEW SOUTH WALES,41,192,21.354166666666664,15,192,7.8125,92,192,47.91666666666667
17080,Snowy Valleys,NEW SOUTH WALES,47,162,29.01234567901235,30,162,18.51851851851852,78,162,48.148148148148145
17100,Strathfield,NEW SOUTH WALES,79,350,22.57142857142857,39,350,11.142857142857142,190,350,54.285714285714285
17150,Sutherland Shire,NEW SOUTH WALES,351,2527,13.889988128215276,153,2534,6.037884767166536,1578,2533,62.297670746150814
17200,Sydney,NEW SOUTH WALES,130,856,15.186915887850466,61,860,7.093023255813953,538,856,62.850467289719624
17310,Tamworth Regional,NEW SOUTH WALES,212,744,28.49462365591398,113,752,15.02659574468085,325,750,43.333333333333336
17350,Temora,NEW SOUTH WALES,10,54,18.51851851851852,7,54,12.962962962962962,37,54,68.51851851851852
17400,Tenterfield,NEW SOUTH WALES,16,63,25.396825396825395,10,63,15.873015873015872,33,63,52.38095238095239
17420,The Hills Shire,NEW SOUTH WALES,363,2333,15.559365623660524,165,2338,7.057313943541487,1398,2339,59.76913210773836
17550,Tweed,NEW SOUTH WALES,162,973,16.649537512846866,72,972,7.4074074074074066,612,973,62.89825282631038
17620,Upper Hunter Shire,NEW SOUTH WALES,29,146,19.863013698630137,12,146,8.21917808219178,81,146,55.47945205479452
17640,Upper Lachlan Shire,NEW SOUTH WALES,16,77,20.77922077922078,10,77,12.987012987012985,47,77,61.038961038961034
17650,Uralla,NEW SOUTH WALES,25,63,39.682539682539684,13,63,20.634920634920633,23,63,36.507936507936506
17750,Wagga Wagga,NEW SOUTH WALES,206,768,26.822916666666668,124,769,16.124837451235372,394,769,51.23537061118335
17850,Walcha,NEW SOUTH WALES,,,,,,,,,
17900,Walgett,NEW SOUTH WALES,33,81,40.74074074074074,22,82,26.82926829268293,30,81,37.03703703703704
17950,Warren,NEW SOUTH WALES,,,,,,,,,
18020,Warrumbungle Shire,NEW SOUTH WALES,28,109,25.688073394495415,16,109,14.678899082568808,55,109,50.45871559633027
18050,Waverley,NEW SOUTH WALES,43,551,7.80399274047187,21,551,3.8112522686025407,393,551,71.32486388384754
18100,Weddin,NEW SOUTH WALES,2,36,5.555555555555555,1,36,2.7777777777777777,29,36,80.55555555555556
18200,Wentworth,NEW SOUTH WALES,18,92,19.565217391304348,8,94,8.51063829787234,46,93,49.46236559139785
18250,Willoughby,NEW SOUTH WALES,116,737,15.739484396200815,54,744,7.258064516129033,412,739,55.751014884979696
18350,Wingecarribee,NEW SOUTH WALES,67,487,13.75770020533881,30,488,6.147540983606557,312,488,63.934426229508205
18400,Wollondilly,NEW SOUTH WALES,126,709,17.77150916784203,58,710,8.169014084507042,410,711,57.66526019690576
18450,Wollongong,NEW SOUTH WALES,472,2210,21.357466063348415,235,2212,10.623869801084991,1254,2212,56.69077757685352
18500,Woollahra,NEW SOUTH WALES,,,,,,,,,
18710,Yass Valley,NEW SOUTH WALES,25,133,18.796992481203006,8,133,6.015037593984962,73,133,54.88721804511278
19399,Unincorporated NSW,NEW SOUTH WALES,,,,,,,,,
20110,Alpine,VICTORIA,20,114,17.543859649122805,11,114,9.649122807017543,60,114,52.63157894736842
20260,Ararat,VICTORIA,41,107,38.31775700934579,27,107,25.233644859813083,41,107,38.31775700934579
20570,Ballarat,VICTORIA,303,1119,27.07774798927614,179,1121,15.967885816235505,551,1120,49.19642857142857
20660,Banyule,VICTORIA,190,1152,16.493055555555554,89,1159,7.679033649698015,698,1160,60.17241379310345
20740,Bass Coast,VICTORIA,72,300,24,43,300,14.333333333333334,156,300,52
20830,Baw Baw,VICTORIA,164,644,25.465838509316768,94,644,14.596273291925465,300,644,46.58385093167702
20910,Bayside (Vic.),VICTORIA,78,776,10.051546391752577,35,778,4.4987146529562985,559,778,71.8508997429306
21010,Benalla,VICTORIA,38,126,30.158730158730158,24,126,19.047619047619047,65,126,51.587301587301596
21110,Boroondara,VICTORIA,182,1074,16.945996275605214,82,1077,7.613741875580315,642,1078,59.554730983302406
21180,Brimbank,VICTORIA,493,1771,27.837380011293057,268,1772,15.124153498871332,834,1774,47.01240135287486
21270,Buloke,VICTORIA,18,48,37.5,5,48,10.416666666666668,14,48,29.166666666666668
21370,Campaspe,VICTORIA,73,320,22.8125,39,320,12.1875,169,320,52.81249999999999
21450,Cardinia,VICTORIA,376,1607,23.39763534536403,207,1611,12.849162011173185,840,1608,52.23880597014925
21610,Casey,VICTORIA,1336,5268,25.360668185269553,716,5271,13.583760197306013,2654,5277,50.29372749668373
21670,Central Goldfields,VICTORIA,33,82,40.243902439024396,15,82,18.29268292682927,31,82,37.80487804878049
21750,Colac Otway,VICTORIA,66,183,36.0655737704918,35,184,19.021739130434785,73,183,39.89071038251366
21830,Corangamite,VICTORIA,21,119,17.647058823529413,12,119,10.084033613445378,78,119,65.54621848739495
21890,Darebin,VICTORIA,182,1153,15.784908933217693,96,1166,8.233276157804461,709,1161,61.068044788975016
22110,East Gippsland,VICTORIA,85,285,29.82456140350877,45,285,15.789473684210526,143,285,50.175438596491226
22170,Frankston,VICTORIA,284,1212,23.432343234323433,146,1220,11.967213114754099,650,1217,53.410024650780606
22250,Gannawarra,VICTORIA,25,104,24.03846153846154,13,104,12.5,54,104,51.92307692307693
22310,Glen Eira,VICTORIA,218,1163,18.74462596732588,109,1166,9.34819897084048,670,1164,57.56013745704467
22410,Glenelg,VICTORIA,34,146,23.28767123287671,18,146,12.32876712328767,64,146,43.83561643835616
22490,Golden Plains,VICTORIA,75,268,27.985074626865668,34,270,12.592592592592592,141,270,52.22222222222223
22620,Greater Bendigo,VICTORIA,326,1318,24.73444613050076,160,1321,12.112036336109009,701,1320,53.1060606060606
22670,Greater Dandenong,VICTORIA,440,1526,28.833551769331585,245,1525,16.065573770491802,706,1529,46.17396991497711
22750,Greater Geelong,VICTORIA,569,2543,22.375147463625638,313,2547,12.288967412642323,1391,2546,54.63472113118617
22830,Greater Shepparton,VICTORIA,256,740,34.5945945945946,149,740,20.135135135135133,295,740,39.86486486486486
22910,Hepburn,VICTORIA,26,131,19.84732824427481,16,131,12.213740458015266,71,131,54.19847328244275
22980,Hindmarsh,VICTORIA,7,41,17.073170731707318,4,41,9.75609756097561,17,41,41.46341463414634
23110,Hobsons Bay,VICTORIA,153,721,21.220527045769764,71,731,9.712722298221614,410,725,56.55172413793104
23190,Horsham,VICTORIA,54,198,27.27272727272727,24,198,12.121212121212121,98,198,49.494949494949495
23270,Hume,VICTORIA,943,3070,30.71661237785016,548,3079,17.797986359207535,1341,3083,43.496594226402856
23350,Indigo,VICTORIA,36,143,25.174825174825177,17,143,11.888111888111888,65,143,45.45454545454545
23430,Kingston (Vic.),VICTORIA,234,1432,16.34078212290503,119,1434,8.298465829846583,859,1434,59.902370990237095
23670,Knox,VICTORIA,221,1244,17.765273311897108,116,1249,9.287429943955164,736,1248,58.97435897435898
23810,Latrobe (Vic.),VICTORIA,202,698,28.939828080229223,119,698,17.048710601719197,331,698,47.421203438395416
23940,Loddon,VICTORIA,17,69,24.637681159420293,9,69,13.043478260869565,30,69,43.47826086956522
24130,Macedon Ranges,VICTORIA,53,523,10.133843212237094,33,526,6.273764258555133,354,524,67.55725190839695
24210,Manningham,VICTORIA,171,1103,15.503173164097914,72,1105,6.515837104072399,709,1105,64.16289592760181
24250,Mansfield,VICTORIA,11,68,16.176470588235293,8,69,11.594202898550725,38,69,55.072463768115945
24330,Maribyrnong,VICTORIA,169,767,22.033898305084744,103,769,13.394018205461638,396,769,51.49544863459038
24410,Maroondah,VICTORIA,164,1123,14.603739982190561,76,1126,6.74955595026643,680,1123,60.55209260908282
24600,Melbourne,VICTORIA,147,615,23.902439024390244,89,614,14.495114006514658,342,615,55.60975609756098
24650,Melton,VICTORIA,727,2470,29.4331983805668,380,2478,15.334947538337367,1126,2475,45.494949494949495
24780,Mildura,VICTORIA,117,419,27.923627684964202,69,419,16.467780429594274,193,419,46.06205250596659
24850,Mitchell,VICTORIA,140,583,24.013722126929675,76,585,12.991452991452993,302,584,51.71232876712328
24900,Moira,VICTORIA,70,285,24.561403508771928,44,283,15.547703180212014,143,285,50.175438596491226
24970,Monash,VICTORIA,276,1553,17.77205408886027,138,1551,8.897485493230175,953,1555,61.28617363344051
25060,Moonee Valley,VICTORIA,125,855,14.619883040935672,66,855,7.719298245614035,545,855,63.74269005847953
25150,Moorabool,VICTORIA,86,406,21.182266009852217,41,413,9.927360774818402,238,408,58.333333333333336
25250,Moreland,VICTORIA,268,1396,19.197707736389685,129,1413,9.129511677282377,736,1410,52.198581560283685
25340,Mornington Peninsula,VICTORIA,216,1355,15.940959409594097,109,1356,8.03834808259587,839,1356,61.87315634218289
25430,Mount Alexander,VICTORIA,34,151,22.516556291390728,18,150,12,76,152,50
25490,Moyne,VICTORIA,33,178,18.53932584269663,14,178,7.865168539325842,107,179,59.77653631284916
25620,Murrindindi,VICTORIA,22,122,18.0327868852459,9,122,7.377049180327869,67,122,54.91803278688525
25710,Nillumbik,VICTORIA,83,630,13.174603174603176,40,632,6.329113924050633,384,631,60.855784469096676
25810,Northern Grampians,VICTORIA,22,81,27.160493827160494,11,81,13.580246913580247,40,81,49.382716049382715
25900,Port Phillip,VICTORIA,90,526,17.110266159695815,46,526,8.745247148288973,335,526,63.68821292775665
25990,Pyrenees,VICTORIA,6,46,13.043478260869565,4,46,8.695652173913043,28,46,60.86956521739131
26080,Queenscliffe,VICTORIA,3,22,13.636363636363635,1,22,4.545454545454546,14,22,63.63636363636363
26170,South Gippsland,VICTORIA,76,267,28.46441947565543,42,267,15.730337078651685,113,268,42.16417910447761
26260,Southern Grampians,VICTORIA,35,146,23.972602739726025,26,147,17.687074829931973,84,147,57.14285714285714
26350,Stonnington,VICTORIA,64,509,12.573673870333987,31,508,6.102362204724409,332,509,65.22593320235757
26430,Strathbogie,VICTORIA,15,81,18.51851851851852,6,81,7.4074074074074066,49,81,60.49382716049383
26490,Surf Coast,VICTORIA,26,356,7.303370786516854,14,356,3.932584269662921,237,356,66.57303370786516
26610,Swan Hill,VICTORIA,45,211,21.32701421800948,22,211,10.42654028436019,132,211,62.55924170616114
26670,Towong,VICTORIA,13,55,23.636363636363637,7,55,12.727272727272727,27,55,49.09090909090909
26700,Wangaratta,VICTORIA,34,241,14.107883817427386,15,242,6.198347107438017,157,242,64.87603305785123
26730,Warrnambool,VICTORIA,80,365,21.91780821917808,35,365,9.58904109589041,207,365,56.71232876712329
26810,Wellington,VICTORIA,116,429,27.03962703962704,64,429,14.918414918414918,201,429,46.85314685314685
26890,West Wimmera,VICTORIA,3,43,6.976744186046512,0,43,0,35,43,81.3953488372093
26980,Whitehorse,VICTORIA,212,1423,14.898102600140547,109,1428,7.633053221288516,886,1424,62.21910112359551
27070,Whittlesea,VICTORIA,549,2583,21.254355400696863,296,2593,11.415349016583107,1396,2587,53.962118283726326
27170,Wodonga,VICTORIA,139,505,27.524752475247528,73,505,14.455445544554454,251,505,49.7029702970297
27260,Wyndham,VICTORIA,1133,4470,25.346756152125277,594,4481,13.25596964963178,2236,4486,49.84395898350423
27350,Yarra,VICTORIA,98,558,17.562724014336915,60,559,10.73345259391771,336,559,60.10733452593918
27450,Yarra Ranges,VICTORIA,285,1543,18.470511989630587,132,1546,8.538163001293661,890,1544,57.64248704663213
27630,Yarriambiack,VICTORIA,11,44,25,6,44,13.636363636363635,22,44,50
29399,Unincorporated Vic,VICTORIA,0,0,0,0,0,0,0,0,0
30250,Aurukun,QUEENSLAND,,,,,,,,,
30300,Balonne,QUEENSLAND,21,62,33.87096774193548,11,62,17.741935483870968,28,62,45.16129032258064
30370,Banana,QUEENSLAND,45,171,26.31578947368421,20,171,11.695906432748536,98,171,57.30994152046783
30410,Barcaldine,QUEENSLAND,11,29,37.93103448275862,7,29,24.137931034482758,10,29,34.48275862068966
30450,Barcoo,QUEENSLAND,,,,,,,,,
30760,Blackall Tambo,QUEENSLAND,7,22,31.818181818181817,5,22,22.727272727272727,11,22,50
30900,Boulia,QUEENSLAND,,,,,,,,,
31000,Brisbane,QUEENSLAND,2756,12887,21.385892760145882,1371,12919,10.612276491988544,7291,12903,56.50623885918004
31750,Bulloo,QUEENSLAND,,,,,,,,,
31820,Bundaberg,QUEENSLAND,289,966,29.91718426501035,166,970,17.11340206185567,424,970,43.71134020618557
31900,Burdekin,QUEENSLAND,65,200,32.5,36,201,17.91044776119403,86,201,42.78606965174129
31950,Burke,QUEENSLAND,,,,,,,,,
32080,Cairns,QUEENSLAND,455,1814,25.08269018743109,251,1817,13.813979086406164,919,1817,50.577875619152444
32250,Carpentaria,QUEENSLAND,17,24,70.83333333333334,9,24,37.5,3,24,12.5
32260,Cassowary Coast,QUEENSLAND,134,344,38.95348837209303,82,344,23.837209302325583,118,344,34.30232558139535
32270,Central Highlands (Qld),QUEENSLAND,121,406,29.802955665024633,81,407,19.901719901719904,201,408,49.26470588235294
32310,Charters Towers,QUEENSLAND,33,111,29.72972972972973,15,111,13.513513513513514,56,111,50.45045045045045
32330,Cherbourg,QUEENSLAND,,,,,,,,,
32450,Cloncurry,QUEENSLAND,11,46,23.91304347826087,3,46,6.521739130434782,22,46,47.82608695652174
32500,Cook,QUEENSLAND,13,45,28.888888888888886,7,45,15.555555555555555,21,45,46.666666666666664
32600,Croydon,QUEENSLAND,,,,,,,,,
32750,Diamantina,QUEENSLAND,,,,,,,,,
32770,Doomadgee,QUEENSLAND,19,30,63.33333333333333,10,30,33.33333333333333,2,30,6.666666666666667
32810,Douglas,QUEENSLAND,19,103,18.446601941747574,10,103,9.70873786407767,61,103,59.22330097087378
33100,Etheridge,QUEENSLAND,,,,,,,,,
33200,Flinders (Qld),QUEENSLAND,6,23,26.08695652173913,2,23,8.695652173913043,8,23,34.78260869565217
33220,Fraser Coast,QUEENSLAND,311,972,31.995884773662553,181,973,18.602261048304214,430,973,44.19321685508736
33360,Gladstone,QUEENSLAND,247,857,28.821470245040842,132,856,15.42056074766355,439,857,51.22520420070011
33430,Gold Coast,QUEENSLAND,1285,6166,20.840090820629257,639,6176,10.346502590673575,3506,6170,56.823338735818474
33610,Goondiwindi,QUEENSLAND,37,133,27.819548872180448,22,133,16.541353383458645,64,133,48.1203007518797
33620,Gympie,QUEENSLAND,121,524,23.091603053435115,62,526,11.787072243346007,278,525,52.95238095238095
33800,Hinchinbrook,QUEENSLAND,21,95,22.105263157894736,13,95,13.684210526315791,52,95,54.736842105263165
33830,Hope Vale,QUEENSLAND,9,18,50,7,18,38.88888888888889,5,18,27.77777777777778
33960,Ipswich,QUEENSLAND,1025,3634,28.20583379196478,574,3645,15.747599451303154,1769,3639,48.61225611431712
33980,Isaac,QUEENSLAND,77,306,25.163398692810457,48,306,15.686274509803921,166,306,54.248366013071895
34420,Kowanyama,QUEENSLAND,,,,,,,,,
34530,Livingstone,QUEENSLAND,100,405,24.691358024691358,50,404,12.376237623762377,210,405,51.85185185185185
34570,Lockhart River,QUEENSLAND,,,,,,,,,
34580,Lockyer Valley,QUEENSLAND,122,467,26.124197002141326,60,477,12.578616352201259,235,470,50
34590,Logan,QUEENSLAND,1465,5039,29.07322881524112,847,5038,16.812227074235807,2364,5041,46.895457250545526
34710,Longreach,QUEENSLAND,4,39,10.256410256410255,4,39,10.256410256410255,29,39,74.35897435897436
34770,Mackay,QUEENSLAND,442,1557,28.387925497752086,250,1558,16.046213093709884,733,1558,47.04749679075738
34800,McKinlay,QUEENSLAND,,,,,,,,,
34830,Mapoon,QUEENSLAND,,,,,,,,,
34860,Maranoa,QUEENSLAND,45,155,29.03225806451613,26,155,16.7741935483871,86,155,55.483870967741936
34880,Mareeba,QUEENSLAND,60,216,27.77777777777778,34,217,15.668202764976957,102,217,47.004608294930875
35010,Moreton Bay,QUEENSLAND,1587,5672,27.979548660084625,888,5675,15.647577092511014,2771,5678,48.80239520958084
35250,Mornington,QUEENSLAND,,,,,,,,,
35300,Mount Isa,QUEENSLAND,103,292,35.273972602739725,64,292,21.91780821917808,122,292,41.78082191780822
35600,Murweh,QUEENSLAND,18,40,45,8,40,20,10,40,25
35670,Napranum,QUEENSLAND,10,16,62.5,5,17,29.411764705882355,4,17,23.52941176470588
35740,Noosa,QUEENSLAND,60,411,14.5985401459854,28,415,6.746987951807229,261,411,63.503649635036496
35760,North Burnett,QUEENSLAND,34,96,35.41666666666667,17,96,17.708333333333336,39,96,40.625
35780,Northern Peninsula Area,QUEENSLAND,19,55,34.54545454545455,13,55,23.636363636363637,12,55,21.818181818181817
35790,Palm Island,QUEENSLAND,14,31,45.16129032258064,6,31,19.35483870967742,9,31,29.03225806451613
35800,Paroo,QUEENSLAND,18,28,64.28571428571429,13,27,48.148148148148145,6,28,21.428571428571427
36070,Pormpuraaw,QUEENSLAND,,,,,,,,,
36150,Quilpie,QUEENSLAND,,,,0,15,0,10,15,66.66666666666666
36250,Redland,QUEENSLAND,333,1632,20.40441176470588,160,1637,9.773976786805132,932,1634,57.037943696450434
36300,Richmond,QUEENSLAND,,,,,,,,,
36370,Rockhampton,QUEENSLAND,302,972,31.069958847736622,165,972,16.97530864197531,402,972,41.358024691358025
36510,Scenic Rim,QUEENSLAND,96,410,23.414634146341466,48,410,11.707317073170733,210,410,51.21951219512195
36580,Somerset,QUEENSLAND,81,284,28.52112676056338,43,283,15.19434628975265,138,286,48.25174825174825
36630,South Burnett,QUEENSLAND,96,312,30.76923076923077,61,312,19.55128205128205,136,312,43.58974358974359
36660,Southern Downs,QUEENSLAND,110,360,30.555555555555557,64,360,17.77777777777778,168,360,46.666666666666664
36720,Sunshine Coast,QUEENSLAND,703,3607,19.489880787357915,328,3613,9.078328259064488,2102,3610,58.22714681440443
36820,Tablelands,QUEENSLAND,68,263,25.85551330798479,36,264,13.636363636363635,144,264,54.54545454545454
36910,Toowoomba,QUEENSLAND,600,2021,29.688273132112812,351,2022,17.359050445103858,990,2022,48.96142433234421
36950,Torres,QUEENSLAND,17,55,30.909090909090907,7,55,12.727272727272727,23,55,41.81818181818181
36960,Torres Strait Island,QUEENSLAND,44,90,48.888888888888886,31,90,34.44444444444444,26,90,28.888888888888886
37010,Townsville,QUEENSLAND,635,2214,28.681120144534777,340,2221,15.308419630796937,1056,2217,47.6319350473613
37300,Weipa,QUEENSLAND,2,65,3.076923076923077,1,65,1.5384615384615385,51,65,78.46153846153847
37310,Western Downs,QUEENSLAND,124,470,26.382978723404253,70,471,14.8619957537155,236,471,50.10615711252654
37340,Whitsunday,QUEENSLAND,85,370,22.972972972972975,45,371,12.129380053908356,187,371,50.40431266846361
37400,Winton,QUEENSLAND,,,,,,,,,
37550,Woorabinda,QUEENSLAND,,,,,,,,,
37570,Wujal Wujal,QUEENSLAND,,,,,,,,,
37600,Yarrabah,QUEENSLAND,23,46,50,13,45,28.888888888888886,7,46,15.217391304347828
40070,Adelaide,SOUTH AUSTRALIA,13,66,19.696969696969695,8,66,12.121212121212121,43,67,64.17910447761194
40120,Adelaide Hills,SOUTH AUSTRALIA,68,389,17.480719794344473,40,389,10.282776349614396,234,390,60
40150,Adelaide Plains,SOUTH AUSTRALIA,29,105,27.61904761904762,17,105,16.19047619047619,47,106,44.339622641509436
40220,Alexandrina,SOUTH AUSTRALIA,37,212,17.452830188679243,23,212,10.849056603773585,132,212,62.264150943396224
40250,Anangu Pitjantjatjara Yankunytjatjara,SOUTH AUSTRALIA,25,29,86.20689655172413,22,30,73.33333333333333,3,29,10.344827586206897
40310,Barossa,SOUTH AUSTRALIA,45,230,19.565217391304348,24,230,10.434782608695652,141,230,61.30434782608696
40430,Barunga West,SOUTH AUSTRALIA,5,24,20.833333333333336,3,24,12.5,18,24,75
40520,Berri Barmera,SOUTH AUSTRALIA,24,89,26.96629213483146,11,89,12.359550561797752,51,89,57.30337078651685
40700,Burnside,SOUTH AUSTRALIA,68,421,16.152019002375297,27,425,6.352941176470588,248,424,58.490566037735846
40910,Campbelltown (SA),SOUTH AUSTRALIA,111,522,21.26436781609195,58,521,11.132437619961612,291,524,55.534351145038165
41010,Ceduna,SOUTH AUSTRALIA,22,54,40.74074074074074,10,54,18.51851851851852,16,54,29.629629629629626
41060,Charles Sturt,SOUTH AUSTRALIA,235,1063,22.10724365004704,128,1064,12.030075187969924,610,1063,57.38476011288805
41140,Clare and Gilbert Valleys,SOUTH AUSTRALIA,23,79,29.11392405063291,11,79,13.924050632911392,39,79,49.36708860759494
41190,Cleve,SOUTH AUSTRALIA,5,22,22.727272727272727,3,22,13.636363636363635,14,22,63.63636363636363
41330,Coober Pedy,SOUTH AUSTRALIA,,,,,,,,,
41560,Copper Coast,SOUTH AUSTRALIA,38,128,29.6875,22,128,17.1875,59,128,46.09375
41750,Elliston,SOUTH AUSTRALIA,,,,,,,,,
41830,Flinders Ranges,SOUTH AUSTRALIA,7,17,41.17647058823529,3,17,17.647058823529413,8,17,47.05882352941176
41960,Franklin Harbour,SOUTH AUSTRALIA,,,,,,,,,
42030,Gawler,SOUTH AUSTRALIA,52,250,20.8,25,250,10,143,250,57.199999999999996
42110,Goyder,SOUTH AUSTRALIA,8,20,40,3,20,15,8,20,40
42250,Grant,SOUTH AUSTRALIA,8,72,11.11111111111111,3,72,4.166666666666666,49,72,68.05555555555556
42600,Holdfast Bay,SOUTH AUSTRALIA,41,273,15.018315018315018,18,273,6.593406593406594,168,273,61.53846153846154
42750,Kangaroo Island,SOUTH AUSTRALIA,7,47,14.893617021276595,3,47,6.382978723404255,27,47,57.446808510638306
43080,Karoonda East Murray,SOUTH AUSTRALIA,4,15,26.666666666666668,2,15,13.333333333333334,9,15,60
43220,Kimba,SOUTH AUSTRALIA,,,,,,,,,
43360,Kingston (SA),SOUTH AUSTRALIA,,,,,,,,,
43650,Light,SOUTH AUSTRALIA,41,185,22.162162162162165,22,185,11.891891891891893,98,185,52.972972972972975
43710,Lower Eyre Peninsula,SOUTH AUSTRALIA,16,66,24.242424242424242,8,67,11.940298507462686,29,67,43.28358208955223
43790,Loxton Waikerie,SOUTH AUSTRALIA,33,117,28.205128205128204,15,118,12.711864406779661,58,118,49.152542372881356
44000,Maralinga Tjarutja,SOUTH AUSTRALIA,0,0,0,0,0,0,0,0,0
44060,Marion,SOUTH AUSTRALIA,193,971,19.87641606591143,106,970,10.927835051546392,572,971,58.90834191555098
44210,Mid Murray,SOUTH AUSTRALIA,15,68,22.058823529411764,4,69,5.797101449275362,40,69,57.971014492753625
44340,Mitcham,SOUTH AUSTRALIA,104,706,14.730878186968837,38,711,5.344585091420535,429,712,60.25280898876404
44550,Mount Barker,SOUTH AUSTRALIA,102,472,21.610169491525426,56,477,11.740041928721174,241,477,50.524109014675055
44620,Mount Gambier,SOUTH AUSTRALIA,63,281,22.419928825622776,34,281,12.099644128113878,152,281,54.092526690391466
44830,Mount Remarkable,SOUTH AUSTRALIA,7,25,28.000000000000004,6,25,24,14,25,56.00000000000001
45040,Murray Bridge,SOUTH AUSTRALIA,78,173,45.08670520231214,49,173,28.32369942196532,60,173,34.68208092485549
45090,Naracoorte Lucindale,SOUTH AUSTRALIA,28,102,27.450980392156865,14,102,13.725490196078432,43,102,42.15686274509804
45120,Northern Areas,SOUTH AUSTRALIA,9,43,20.930232558139537,4,43,9.30232558139535,23,43,53.48837209302325
45290,Norwood Payneham and St Peters,SOUTH AUSTRALIA,55,314,17.51592356687898,23,315,7.301587301587302,201,314,64.01273885350318
45340,Onkaparinga,SOUTH AUSTRALIA,490,1782,27.497194163860833,268,1790,14.972067039106147,891,1785,49.91596638655462
45400,Orroroo Carrieton,SOUTH AUSTRALIA,,,,,,,,,
45540,Peterborough,SOUTH AUSTRALIA,,,,,,,,,
45680,Playford,SOUTH AUSTRALIA,530,1469,36.0789652825051,305,1468,20.776566757493185,596,1469,40.57181756296801
45890,Port Adelaide Enfield,SOUTH AUSTRALIA,294,1317,22.323462414578586,155,1324,11.706948640483382,733,1323,55.40438397581254
46090,Port Augusta,SOUTH AUSTRALIA,66,163,40.49079754601227,40,162,24.691358024691358,62,163,38.036809815950924
46300,Port Lincoln,SOUTH AUSTRALIA,30,154,19.480519480519483,19,155,12.258064516129032,83,154,53.896103896103895
46450,Port Pirie,SOUTH AUSTRALIA,68,190,35.78947368421053,34,190,17.894736842105264,82,190,43.15789473684211
46510,Prospect,SOUTH AUSTRALIA,28,221,12.669683257918551,13,221,5.88235294117647,154,221,69.68325791855203
46670,Renmark Paringa,SOUTH AUSTRALIA,22,104,21.153846153846153,14,104,13.461538461538462,53,104,50.96153846153846
46860,Robe,SOUTH AUSTRALIA,,,,,,,,,
46970,Roxby Downs,SOUTH AUSTRALIA,15,57,26.31578947368421,4,57,7.017543859649122,34,57,59.64912280701754
47140,Salisbury,SOUTH AUSTRALIA,497,1623,30.622304374614913,295,1623,18.176216882316698,725,1625,44.61538461538462
47290,Southern Mallee,SOUTH AUSTRALIA,3,19,15.789473684210526,2,19,10.526315789473683,12,19,63.1578947368421
47490,Streaky Bay,SOUTH AUSTRALIA,3,21,14.285714285714285,2,21,9.523809523809524,12,21,57.14285714285714
47630,Tatiara,SOUTH AUSTRALIA,6,57,10.526315789473683,5,57,8.771929824561402,36,57,63.1578947368421
47700,Tea Tree Gully,SOUTH AUSTRALIA,219,981,22.32415902140673,104,982,10.590631364562118,529,983,53.81485249237029
47800,Coorong,SOUTH AUSTRALIA,14,54,25.925925925925924,6,54,11.11111111111111,33,54,61.111111111111114
47910,Tumby Bay,SOUTH AUSTRALIA,7,34,20.588235294117645,5,34,14.705882352941178,18,34,52.94117647058824
47980,Unley,SOUTH AUSTRALIA,51,334,15.269461077844312,24,334,7.18562874251497,222,334,66.46706586826348
48050,Victor Harbor,SOUTH AUSTRALIA,30,80,37.5,16,79,20.253164556962027,27,80,33.75
48130,Wakefield,SOUTH AUSTRALIA,21,75,28.000000000000004,9,75,12,39,75,52
48260,Walkerville,SOUTH AUSTRALIA,6,63,9.523809523809524,3,63,4.761904761904762,50,63,79.36507936507937
48340,Wattle Range,SOUTH AUSTRALIA,33,115,28.695652173913043,19,115,16.52173913043478,61,115,53.04347826086957
48410,West Torrens,SOUTH AUSTRALIA,107,529,20.226843100189036,57,528,10.795454545454545,319,529,60.30245746691871
48540,Whyalla,SOUTH AUSTRALIA,80,224,35.714285714285715,53,224,23.660714285714285,101,224,45.089285714285715
48640,Wudinna,SOUTH AUSTRALIA,,,,,,,,,
48750,Yankalilla,SOUTH AUSTRALIA,13,52,25,4,52,7.6923076923076925,21,52,40.38461538461539
48830,Yorke Peninsula,SOUTH AUSTRALIA,16,93,17.20430107526882,7,93,7.526881720430108,60,93,64.51612903225806
49399,Unincorporated SA,SOUTH AUSTRALIA,12,29,41.37931034482759,4,30,13.333333333333334,11,29,37.93103448275862
50080,Albany,WESTERN AUSTRALIA,106,415,25.542168674698797,58,415,13.975903614457833,220,416,52.88461538461539
50210,Armadale,WESTERN AUSTRALIA,494,1601,30.855715178013742,284,1603,17.71678103555833,747,1601,46.65833853841349
50250,Ashburton,WESTERN AUSTRALIA,34,117,29.059829059829063,21,117,17.94871794871795,51,117,43.58974358974359
50280,Augusta Margaret River,WESTERN AUSTRALIA,52,226,23.008849557522122,23,226,10.176991150442479,123,227,54.18502202643172
50350,Bassendean,WESTERN AUSTRALIA,44,179,24.581005586592177,23,180,12.777777777777777,97,179,54.18994413407822
50420,Bayswater,WESTERN AUSTRALIA,146,706,20.679886685552407,88,720,12.222222222222221,380,710,53.52112676056338
50490,Belmont,WESTERN AUSTRALIA,99,413,23.97094430992736,40,413,9.685230024213075,214,413,51.81598062953995
50560,Beverley,WESTERN AUSTRALIA,,,,,,,,,
50630,Boddington,WESTERN AUSTRALIA,,,,,,,,,
50770,Boyup Brook,WESTERN AUSTRALIA,9,23,39.130434782608695,5,23,21.73913043478261,9,23,39.130434782608695
50840,Bridgetown-Greenbushes,WESTERN AUSTRALIA,6,48,12.5,2,48,4.166666666666666,22,48,45.83333333333333
50910,Brookton,WESTERN AUSTRALIA,,,,,,,,,
50980,Broome,WESTERN AUSTRALIA,61,199,30.65326633165829,35,200,17.5,94,200,47
51080,Broomehill-Tambellup,WESTERN AUSTRALIA,5,20,25,2,20,10,13,20,65
51120,Bruce Rock,WESTERN AUSTRALIA,2,15,13.333333333333334,2,15,13.333333333333334,7,15,46.666666666666664
51190,Bunbury,WESTERN AUSTRALIA,72,317,22.71293375394322,40,317,12.618296529968454,168,317,52.99684542586751
51260,Busselton,WESTERN AUSTRALIA,66,498,13.253012048192772,31,500,6.2,338,502,67.33067729083665
51310,Cambridge,WESTERN AUSTRALIA,41,290,14.13793103448276,15,289,5.190311418685121,183,290,63.10344827586207
51330,Canning,WESTERN AUSTRALIA,224,1047,21.39446036294174,111,1050,10.571428571428571,580,1048,55.343511450381676
51400,Capel,WESTERN AUSTRALIA,57,242,23.553719008264462,34,242,14.049586776859504,119,242,49.17355371900827
51470,Carnamah,WESTERN AUSTRALIA,,,,,,,,,
51540,Carnarvon,WESTERN AUSTRALIA,28,63,44.44444444444444,23,63,36.507936507936506,26,63,41.269841269841265
51610,Chapman Valley,WESTERN AUSTRALIA,,,,,,,,,
51680,Chittering,WESTERN AUSTRALIA,12,73,16.43835616438356,5,73,6.8493150684931505,46,73,63.013698630136986
51750,Claremont,WESTERN AUSTRALIA,17,135,12.592592592592592,12,135,8.88888888888889,88,135,65.18518518518519
51820,Cockburn,WESTERN AUSTRALIA,308,1479,20.824881676808655,144,1498,9.612817089452603,815,1487,54.80833893745797
51890,Collie,WESTERN AUSTRALIA,30,115,26.08695652173913,9,115,7.82608695652174,55,115,47.82608695652174
51960,Coolgardie,WESTERN AUSTRALIA,15,44,34.090909090909086,10,44,22.727272727272727,16,44,36.36363636363637
52030,Coorow,WESTERN AUSTRALIA,,,,,,,,,
52100,Corrigin,WESTERN AUSTRALIA,,,,,,,,,
52170,Cottesloe ,WESTERN AUSTRALIA,,,,,,,,,
52240,Cranbrook,WESTERN AUSTRALIA,,,,,,,,,
52310,Cuballing,WESTERN AUSTRALIA,,,,,,,,,
52380,Cue,WESTERN AUSTRALIA,,,,,,,,,
52450,Cunderdin,WESTERN AUSTRALIA,,,,,,,,,
52520,Dalwallinu,WESTERN AUSTRALIA,3,19,15.789473684210526,1,19,5.263157894736842,14,19,73.68421052631578
52590,Dandaragan,WESTERN AUSTRALIA,4,32,12.5,2,33,6.0606060606060606,22,32,68.75
52660,Dardanup,WESTERN AUSTRALIA,43,202,21.287128712871286,23,202,11.386138613861387,110,202,54.45544554455446
52730,Denmark,WESTERN AUSTRALIA,10,64,15.625,1,64,1.5625,46,64,71.875
52800,Derby-West Kimberley,WESTERN AUSTRALIA,53,96,55.208333333333336,37,96,38.54166666666667,21,96,21.875
52870,Donnybrook-Balingup,WESTERN AUSTRALIA,17,73,23.28767123287671,4,73,5.47945205479452,37,73,50.68493150684932
52940,Dowerin,WESTERN AUSTRALIA,,,,,,,,,
53010,Dumbleyung,WESTERN AUSTRALIA,,,,,,,,,
53080,Dundas,WESTERN AUSTRALIA,,,,,,,,,
53150,East Fremantle,WESTERN AUSTRALIA,15,73,20.54794520547945,7,73,9.58904109589041,40,73,54.794520547945204
53220,East Pilbara,WESTERN AUSTRALIA,19,82,23.170731707317074,12,83,14.457831325301203,51,82,62.19512195121951
53290,Esperance,WESTERN AUSTRALIA,42,176,23.863636363636363,20,176,11.363636363636363,105,176,59.65909090909091
53360,Exmouth,WESTERN AUSTRALIA,4,40,10,1,40,2.5,17,40,42.5
53430,Fremantle,WESTERN AUSTRALIA,57,314,18.152866242038215,29,315,9.206349206349207,182,314,57.961783439490446
53570,Gingin,WESTERN AUSTRALIA,6,54,11.11111111111111,3,54,5.555555555555555,35,54,64.81481481481481
53640,Gnowangerup,WESTERN AUSTRALIA,1,21,4.761904761904762,0,21,0,15,21,71.42857142857143
53710,Goomalling,WESTERN AUSTRALIA,,,,,,,,,
53780,Gosnells,WESTERN AUSTRALIA,575,1679,34.24657534246575,327,1678,19.487485101311083,698,1690,41.30177514792899
53800,Greater Geraldton,WESTERN AUSTRALIA,177,508,34.84251968503937,103,511,20.15655577299413,219,509,43.02554027504912
53920,Halls Creek,WESTERN AUSTRALIA,22,35,62.857142857142854,14,35,40,7,35,20
53990,Harvey,WESTERN AUSTRALIA,90,358,25.139664804469277,42,358,11.731843575418994,199,358,55.58659217877096
54060,Irwin,WESTERN AUSTRALIA,4,25,16,2,25,8,16,25,64
54130,Jerramungup,WESTERN AUSTRALIA,,,,,,,,,
54170,Joondalup,WESTERN AUSTRALIA,297,1769,16.789146410401358,167,1770,9.435028248587571,1096,1769,61.95590729225551
54200,Kalamunda,WESTERN AUSTRALIA,166,706,23.512747875354105,79,706,11.189801699716714,376,707,53.18246110325319
54280,Kalgoorlie-Boulder,WESTERN AUSTRALIA,101,452,22.345132743362832,55,455,12.087912087912088,242,454,53.30396475770925
54310,Karratha,WESTERN AUSTRALIA,80,389,20.565552699228792,43,389,11.053984575835475,219,389,56.29820051413882
54340,Katanning,WESTERN AUSTRALIA,8,58,13.793103448275861,5,58,8.620689655172415,43,58,74.13793103448276
54410,Kellerberrin,WESTERN AUSTRALIA,,,,,,,,,
54480,Kent,WESTERN AUSTRALIA,,,,,,,,,
54550,Kojonup,WESTERN AUSTRALIA,5,22,22.727272727272727,4,22,18.181818181818183,8,22,36.36363636363637
54620,Kondinin,WESTERN AUSTRALIA,,,,,,,,,
54690,Koorda,WESTERN AUSTRALIA,,,,,,,,,
54760,Kulin,WESTERN AUSTRALIA,,,,,,,,,
54830,Kwinana,WESTERN AUSTRALIA,208,767,27.11864406779661,107,770,13.896103896103895,378,769,49.15474642392718
54900,Lake Grace,WESTERN AUSTRALIA,5,17,29.411764705882355,1,17,5.88235294117647,12,17,70.58823529411765
54970,Laverton,WESTERN AUSTRALIA,,,,,,,,,
55040,Leonora,WESTERN AUSTRALIA,13,28,46.42857142857143,4,26,15.384615384615385,11,28,39.285714285714285
55110,Mandurah,WESTERN AUSTRALIA,274,996,27.510040160642568,150,998,15.030060120240481,485,998,48.59719438877755
55180,Manjimup,WESTERN AUSTRALIA,21,99,21.21212121212121,12,99,12.121212121212121,61,99,61.61616161616161
55250,Meekatharra,WESTERN AUSTRALIA,,,,,,,,,
55320,Melville,WESTERN AUSTRALIA,153,1081,14.153561517113783,61,1082,5.6377079482439925,705,1082,65.15711645101663
55390,Menzies,WESTERN AUSTRALIA,,,,,,,,,
55460,Merredin,WESTERN AUSTRALIA,8,34,23.52941176470588,4,34,11.76470588235294,18,34,52.94117647058824
55530,Mingenew,WESTERN AUSTRALIA,,,,,,,,,
55600,Moora,WESTERN AUSTRALIA,6,36,16.666666666666664,4,36,11.11111111111111,23,36,63.888888888888886
55670,Morawa,WESTERN AUSTRALIA,,,,,,,,,
55740,Mosman Park,WESTERN AUSTRALIA,13,87,14.942528735632186,10,87,11.494252873563218,60,87,68.96551724137932
55810,Mount Magnet,WESTERN AUSTRALIA,,,,,,,,,
55880,Mount Marshall,WESTERN AUSTRALIA,,,,,,,,,
55950,Mukinbudin,WESTERN AUSTRALIA,,,,,,,,,
56090,Mundaring,WESTERN AUSTRALIA,96,449,21.380846325167038,42,449,9.35412026726058,250,450,55.55555555555556
56160,Murchison,WESTERN AUSTRALIA,,,,,,,,,
56230,Murray,WESTERN AUSTRALIA,65,224,29.017857142857146,27,224,12.053571428571429,101,224,45.089285714285715
56300,Nannup,WESTERN AUSTRALIA,,,,,,,,,
56370,Narembeen,WESTERN AUSTRALIA,,,,,,,,,
56460,Narrogin,WESTERN AUSTRALIA,13,46,28.26086956521739,9,46,19.565217391304348,17,46,36.95652173913043
56580,Nedlands,WESTERN AUSTRALIA,30,214,14.018691588785046,18,214,8.411214953271028,147,214,68.69158878504673
56620,Ngaanyatjarraku,WESTERN AUSTRALIA,,,,,,,,,
56730,Northam,WESTERN AUSTRALIA,30,107,28.037383177570092,17,106,16.037735849056602,60,107,56.074766355140184
56790,Northampton,WESTERN AUSTRALIA,4,25,16,3,25,12,18,25,72
56860,Nungarin,WESTERN AUSTRALIA,,,,,,,,,
56930,Peppermint Grove,WESTERN AUSTRALIA,,,,,,,,,
57000,Perenjori,WESTERN AUSTRALIA,,,,,,,,,
57080,Perth,WESTERN AUSTRALIA,36,162,22.22222222222222,17,164,10.365853658536585,91,162,56.17283950617284
57140,Pingelly,WESTERN AUSTRALIA,3,19,15.789473684210526,2,19,10.526315789473683,10,19,52.63157894736842
57210,Plantagenet,WESTERN AUSTRALIA,15,41,36.58536585365854,11,40,27.500000000000004,17,41,41.46341463414634
57280,Port Hedland,WESTERN AUSTRALIA,53,226,23.451327433628318,25,227,11.013215859030836,143,226,63.27433628318584
57350,Quairading,WESTERN AUSTRALIA,,,,,,,,,
57420,Ravensthorpe,WESTERN AUSTRALIA,8,21,38.095238095238095,4,21,19.047619047619047,9,21,42.857142857142854
57490,Rockingham,WESTERN AUSTRALIA,470,1832,25.655021834061138,256,1832,13.973799126637553,891,1833,48.608837970540094
57630,Sandstone,WESTERN AUSTRALIA,0,0,0,0,0,0,0,0,0
57700,Serpentine-Jarrahdale,WESTERN AUSTRALIA,165,589,28.01358234295416,94,589,15.959252971137522,279,589,47.368421052631575
57770,Shark Bay,WESTERN AUSTRALIA,,,,,,,,,
57840,South Perth,WESTERN AUSTRALIA,90,388,23.195876288659793,45,389,11.568123393316196,221,388,56.95876288659794
57910,Stirling,WESTERN AUSTRALIA,530,2453,21.60619649408887,262,2462,10.641754670999187,1369,2458,55.69568755085436
57980,Subiaco,WESTERN AUSTRALIA,14,138,10.144927536231885,3,139,2.158273381294964,104,139,74.82014388489209
58050,Swan,WESTERN AUSTRALIA,632,2266,27.890556045895853,326,2270,14.36123348017621,1088,2273,47.866256049274085
58190,Tammin,WESTERN AUSTRALIA,,,,,,,,,
58260,Three Springs,WESTERN AUSTRALIA,,,,,,,,,
58330,Toodyay,WESTERN AUSTRALIA,8,29,27.586206896551722,6,29,20.689655172413794,11,29,37.93103448275862
58400,Trayning,WESTERN AUSTRALIA,,,,,,,,,
58470,Upper Gascoyne,WESTERN AUSTRALIA,,,,,,,,,
58510,Victoria Park,WESTERN AUSTRALIA,81,368,22.01086956521739,33,373,8.847184986595174,205,371,55.25606469002695
58540,Victoria Plains,WESTERN AUSTRALIA,,,,,,,,,
58570,Vincent,WESTERN AUSTRALIA,45,356,12.640449438202248,23,356,6.460674157303371,230,356,64.60674157303372
58610,Wagin,WESTERN AUSTRALIA,,,,,,,,,
58680,Wandering,WESTERN AUSTRALIA,,,,,,,,,
58760,Wanneroo,WESTERN AUSTRALIA,758,3044,24.90144546649146,390,3046,12.803676953381485,1606,3045,52.74220032840723
58820,Waroona,WESTERN AUSTRALIA,6,38,15.789473684210526,3,38,7.894736842105263,21,38,55.26315789473685
58890,West Arthur,WESTERN AUSTRALIA,,,,,,,,,
59030,Westonia,WESTERN AUSTRALIA,0,0,0,0,0,0,0,0,0
59100,Wickepin,WESTERN AUSTRALIA,,,,,,,,,
59170,Williams,WESTERN AUSTRALIA,4,18,22.22222222222222,2,18,11.11111111111111,12,18,66.66666666666666
59250,Wiluna,WESTERN AUSTRALIA,,,,,,,,,
59310,Wongan-Ballidu,WESTERN AUSTRALIA,,,,,,,,,
59320,Woodanilling,WESTERN AUSTRALIA,,,,,,,,,
59330,Wyalkatchem,WESTERN AUSTRALIA,,,,,,,,,
59340,Wyndham-East Kimberley,WESTERN AUSTRALIA,63,117,53.84615384615385,37,117,31.62393162393162,34,117,29.059829059829063
59350,Yalgoo,WESTERN AUSTRALIA,,,,,,,,,
59360,Yilgarn,WESTERN AUSTRALIA,,,,,,,,,
59370,York,WESTERN AUSTRALIA,3,28,10.714285714285714,1,28,3.571428571428571,22,28,78.57142857142857
60210,Break O'Day,TASMANIA,12,32,37.5,5,32,15.625,15,32,46.875
60410,Brighton,TASMANIA,86,252,34.12698412698413,57,252,22.61904761904762,98,252,38.88888888888889
60610,Burnie,TASMANIA,67,201,33.33333333333333,45,202,22.277227722772277,84,202,41.584158415841586
60810,Central Coast (Tas.),TASMANIA,60,194,30.927835051546392,29,194,14.948453608247423,92,194,47.42268041237113
61010,Central Highlands (Tas.),TASMANIA,8,27,29.629629629629626,4,27,14.814814814814813,12,27,44.44444444444444
61210,Circular Head,TASMANIA,14,81,17.28395061728395,9,81,11.11111111111111,49,81,60.49382716049383
61410,Clarence,TASMANIA,128,623,20.545746388443018,71,623,11.396468699839486,335,623,53.77207062600321
61510,Derwent Valley,TASMANIA,49,121,40.49586776859504,30,121,24.793388429752067,41,121,33.88429752066116
61610,Devonport,TASMANIA,55,225,24.444444444444443,23,225,10.222222222222223,102,225,45.33333333333333
61810,Dorset,TASMANIA,9,52,17.307692307692307,6,52,11.538461538461538,25,52,48.07692307692308
62010,Flinders (Tas.),TASMANIA,,,,,,,,,
62210,George Town,TASMANIA,19,60,31.666666666666664,9,61,14.754098360655737,25,60,41.66666666666667
62410,Glamorgan-Spring Bay,TASMANIA,13,31,41.935483870967744,7,31,22.58064516129032,8,31,25.806451612903224
62610,Glenorchy,TASMANIA,156,433,36.027713625866056,91,433,21.016166281755197,164,433,37.87528868360277
62810,Hobart,TASMANIA,66,404,16.33663366336634,29,404,7.1782178217821775,250,404,61.88118811881188
63010,Huon Valley,TASMANIA,35,171,20.46783625730994,23,173,13.294797687861271,90,172,52.32558139534884
63210,Kentish,TASMANIA,14,59,23.728813559322035,8,59,13.559322033898304,30,59,50.847457627118644
63410,King Island,TASMANIA,,,,,,,,,
63610,Kingborough,TASMANIA,71,408,17.401960784313726,26,413,6.2953995157385,244,409,59.65770171149144
63810,Latrobe (Tas.),TASMANIA,18,118,15.254237288135593,8,118,6.779661016949152,74,118,62.71186440677966
64010,Launceston,TASMANIA,192,714,26.89075630252101,106,714,14.84593837535014,328,714,45.938375350140056
64210,Meander Valley,TASMANIA,54,197,27.411167512690355,29,199,14.572864321608039,92,198,46.464646464646464
64610,Northern Midlands,TASMANIA,28,148,18.91891891891892,16,148,10.81081081081081,72,148,48.64864864864865
64810,Sorell,TASMANIA,72,178,40.44943820224719,46,178,25.842696629213485,64,178,35.95505617977528
65010,Southern Midlands,TASMANIA,23,71,32.3943661971831,12,71,16.901408450704224,31,71,43.66197183098591
65210,Tasman,TASMANIA,,,,,,,,,
65410,Waratah-Wynyard,TASMANIA,21,149,14.093959731543624,14,149,9.395973154362416,102,149,68.45637583892618
65610,West Coast,TASMANIA,16,37,43.24324324324324,8,37,21.62162162162162,11,37,29.72972972972973
65810,West Tamar,TASMANIA,62,214,28.971962616822427,34,213,15.96244131455399,105,214,49.06542056074766
70200,Alice Springs,NORTHERN TERRITORY,112,309,36.24595469255664,70,315,22.22222222222222,129,311,41.47909967845659
70420,Barkly,NORTHERN TERRITORY,42,69,60.86956521739131,30,68,44.11764705882353,11,69,15.942028985507244
70540,Belyuen,NORTHERN TERRITORY,,,,,,,,,
70620,Central Desert,NORTHERN TERRITORY,60,72,83.33333333333334,48,72,66.66666666666666,5,72,6.944444444444445
70700,Coomalie ,NORTHERN TERRITORY,7,16,43.75,6,16,37.5,2,16,12.5
71000,Darwin,NORTHERN TERRITORY,271,856,31.6588785046729,168,856,19.626168224299064,376,856,43.925233644859816
71150,Darwin Waterfront Precinct,NORTHERN TERRITORY,,,,,,,,,
71300,East Arnhem,NORTHERN TERRITORY,64,97,65.97938144329896,45,96,46.875,6,97,6.185567010309279
72200,Katherine,NORTHERN TERRITORY,68,134,50.74626865671642,47,133,35.338345864661655,45,135,33.33333333333333
72300,Litchfield,NORTHERN TERRITORY,80,238,33.61344537815126,46,238,19.327731092436977,97,240,40.416666666666664
72330,MacDonnell,NORTHERN TERRITORY,48,62,77.41935483870968,43,62,69.35483870967742,5,62,8.064516129032258
72800,Palmerston,NORTHERN TERRITORY,161,529,30.434782608695656,103,529,19.47069943289225,251,530,47.35849056603774
73600,Roper Gulf,NORTHERN TERRITORY,48,73,65.75342465753424,27,72,37.5,16,73,21.91780821917808
74050,Tiwi Islands,NORTHERN TERRITORY,,,,17,22,77.27272727272727,0,22,0
74550,Victoria Daly,NORTHERN TERRITORY,20,34,58.82352941176471,12,34,35.294117647058826,8,34,23.52941176470588
74560,Wagait,NORTHERN TERRITORY,,,,,,,,,
74660,West Arnhem,NORTHERN TERRITORY,37,53,69.81132075471697,22,52,42.30769230769231,10,53,18.867924528301888
74680,West Daly,NORTHERN TERRITORY,,,,18,21,85.71428571428571,0,21,0
79399,Unincorporated NT,NORTHERN TERRITORY,31,89,34.831460674157306,17,89,19.101123595505616,37,90,41.11111111111111
89399,Unincorporated ACT,AUSTRALIAN CAPITAL TERRITORY,1368,4876,28.055783429040197,728,4902,14.851081191350469,2147,4898,43.83421804818293
