lga_code,lga_name,state,vulnerable_1plus_count,vulnerable_1plus_valid_n,vulnerable_1plus_pct,vulnerable_2plus_count,vulnerable_2plus_valid_n,vulnerable_2plus_pct,on_track_all5_count,on_track_all5_valid_n,on_track_all5_pct,lat,lon,remoteness
10050,Albury,NEW SOUTH WALES,151,640,23.59375,89,643,13.841368584758943,283,642,44.0809968847352,-36.0266039,146.9704242,Inner Regional
10180,Armidale Regional,NEW SOUTH WALES,110,287,38.32752613240418,65,287,22.64808362369338,125,288,43.40277777777778,-30.33634897,151.82914994,Inner Regional
10250,Ballina,NEW SOUTH WALES,76,406,18.7192118226601,28,408,6.862745098039216,236,406,58.128078817733986,-28.85288636,153.48614737,Inner Regional
10300,Balranald,NEW SOUTH WALES,10,27,37.03703703703704,6,27,22.22222222222222,8,27,29.629629629629626,-33.95035167,143.61162542,Outer Regional
10470,Bathurst Regional,NEW SOUTH WALES,118,498,23.694779116465863,54,497,10.865191146881289,263,501,52.49500998003992,-33.43013885,149.52563369,Inner Regional
10500,Bayside (NSW),NEW SOUTH WALES,304,1495,20.334448160535118,143,1509,9.476474486414844,842,1501,56.095936042638236,-37.94183906,145.01815395,Major Cities
10550,Bega Valley,NEW SOUTH WALES,81,288,28.125,44,294,14.965986394557824,127,292,43.49315068493151,-36.82594299,149.71756954,Outer Regional
10600,Bellingen,NEW SOUTH WALES,,,,,,,,,,-30.40380234,152.72859066,Inner Regional
10650,Berrigan,NEW SOUTH WALES,14,72,19.444444444444446,10,72,13.88888888888889,47,72,65.27777777777779,-35.7343272,145.71121606,Inner Regional
10750,Blacktown,NEW SOUTH WALES,1454,5478,26.542533771449435,776,5502,14.103962195565249,2693,5484,49.10649161196207,-33.74132841,150.8643511,Major Cities
10800,Bland,NEW SOUTH WALES,12,66,18.181818181818183,7,66,10.606060606060606,38,66,57.57575757575758,-33.8943438,146.96126723,Outer Regional
10850,Blayney,NEW SOUTH WALES,25,97,25.773195876288657,13,97,13.402061855670103,52,97,53.608247422680414,-33.59433038,149.1420588,Inner Regional
10900,Blue Mountains,NEW SOUTH WALES,102,663,15.384615384615385,41,665,6.165413533834586,407,665,61.203007518796994,-33.69754437,150.41114122,Major Cities
10950,Bogan,NEW SOUTH WALES,4,41,9.75609756097561,3,41,7.317073170731707,28,41,68.29268292682927,-31.53812906,146.86687276,Remote
11150,Bourke,NEW SOUTH WALES,14,31,45.16129032258064,9,31,29.03225806451613,13,31,41.935483870967744,-29.91056221,145.3568337,Remote
11200,Brewarrina,NEW SOUTH WALES,12,21,57.14285714285714,5,22,22.727272727272727,7,22,31.818181818181817,-29.79152528,146.96088058,Very Remote
11250,Broken Hill,NEW SOUTH WALES,54,179,30.16759776536313,41,179,22.905027932960895,76,179,42.45810055865922,-31.94403571,141.47926792,Outer Regional
11300,Burwood,NEW SOUTH WALES,61,274,22.26277372262774,24,273,8.791208791208792,152,274,55.47445255474452,-33.88368622,151.10315201,Major Cities
11350,Byron,NEW SOUTH WALES,57,322,17.70186335403727,30,325,9.230769230769232,188,324,58.0246913580247,-28.6041666,153.48250525,Inner Regional
11400,Cabonne,NEW SOUTH WALES,35,161,21.73913043478261,20,161,12.422360248447205,87,161,54.037267080745345,-33.15299771,148.754101,Inner Regional
11450,Camden,NEW SOUTH WALES,427,2112,20.21780303030303,208,2116,9.829867674858223,1136,2117,53.660840812470475,-34.00878227,150.72402303,Major Cities
11520,Canada Bay,NEW SOUTH WALES,142,744,19.086021505376344,50,748,6.684491978609626,426,750,56.8,-33.85349832,151.11482522,Major Cities
11570,Canterbury-Bankstown,NEW SOUTH WALES,980,4225,23.19526627218935,508,4246,11.964201601507302,2247,4246,52.920395666509656,-33.92351241,151.03733106,Major Cities
11600,Carrathool,NEW SOUTH WALES,4,38,10.526315789473683,0,38,0,26,38,68.42105263157895,-33.60889721,145.49645201,Remote
11700,Central Darling,NEW SOUTH WALES,9,21,42.857142857142854,4,24,16.666666666666664,6,21,28.57142857142857,-31.85069805,143.58969166,Very Remote
11720,Cessnock,NEW SOUTH WALES,218,780,27.94871794871795,119,779,15.275994865211809,364,780,46.666666666666664,-32.92506814,151.22489992,Major Cities
11730,Clarence Valley,NEW SOUTH WALES,117,553,21.15732368896926,63,553,11.39240506329114,324,553,58.58951175406871,-29.68173808,152.751152,Inner Regional
11750,Cobar,NEW SOUTH WALES,19,51,37.254901960784316,14,51,27.450980392156865,14,51,27.450980392156865,-31.86809992,145.48292898,Remote
11800,Coffs Harbour,NEW SOUTH WALES,192,729,26.337448559670783,103,729,14.12894375857339,381,729,52.2633744855967,-30.18903863,153.03983457,Inner Regional
12000,Coolamon,NEW SOUTH WALES,12,64,18.75,5,64,7.8125,43,64,67.1875,-34.63253155,147.10483289,Inner Regional
12150,Coonamble,NEW SOUTH WALES,28,68,41.17647058823529,11,71,15.492957746478872,22,73,30.136986301369863,-30.87054861,148.29160706,Remote
12350,Cowra,NEW SOUTH WALES,36,126,28.57142857142857,23,126,18.253968253968253,51,126,40.476190476190474,-33.79638331,148.71795033,Inner Regional
12380,Cumberland,NEW SOUTH WALES,793,2964,26.75438596491228,408,2976,13.709677419354838,1406,2977,47.22875377897212,-33.8425579,150.98762938,Major Cities
12700,Dungog,NEW SOUTH WALES,30,106,28.30188679245283,17,106,16.037735849056602,51,106,48.113207547169814,-32.34956052,151.60828731,Inner Regional
12730,Edward River,NEW SOUTH WALES,21,94,22.340425531914892,12,94,12.76595744680851,51,94,54.25531914893617,-35.17254445,144.94147192,Inner Regional
12750,Eurobodalla,NEW SOUTH WALES,78,301,25.91362126245847,41,302,13.57615894039735,144,302,47.682119205298015,-35.94515651,149.94704939,Inner Regional
12850,Fairfield,NEW SOUTH WALES,618,1997,30.946419629444165,360,2002,17.982017982017982,930,2003,46.43035446829755,-33.86563441,150.89541674,Major Cities
12870,Federation,NEW SOUTH WALES,38,121,31.40495867768595,22,121,18.181818181818183,46,121,38.01652892561984,-35.49707178,146.27136452,Inner Regional
12900,Forbes,NEW SOUTH WALES,26,111,23.423423423423422,13,111,11.711711711711711,66,111,59.45945945945946,-33.42163169,147.86720198,Outer Regional
12930,Georges River,NEW SOUTH WALES,271,1323,20.48374905517763,138,1325,10.415094339622641,725,1325,54.71698113207547,-33.9710583,151.0863677,Major Cities
12950,Gilgandra,NEW SOUTH WALES,12,46,26.08695652173913,5,46,10.869565217391305,20,46,43.47826086956522,-31.61902662,148.69073397,Outer Regional
13010,Glen Innes Severn,NEW SOUTH WALES,22,65,33.84615384615385,14,64,21.875,31,65,47.69230769230769,-29.6449864,151.90304245,Inner Regional
13310,Goulburn Mulwaree,NEW SOUTH WALES,70,341,20.527859237536656,38,341,11.143695014662756,186,341,54.54545454545454,-34.87603956,149.81349142,Inner Regional
13340,Greater Hume Shire,NEW SOUTH WALES,31,103,30.097087378640776,12,103,11.650485436893204,46,103,44.66019417475729,-35.75027791,147.17183806,Inner Regional
13450,Griffith,NEW SOUTH WALES,86,303,28.38283828382838,45,318,14.150943396226415,153,312,49.03846153846153,-34.30041047,146.00358789,Outer Regional
13550,Gunnedah,NEW SOUTH WALES,36,142,25.352112676056336,19,142,13.380281690140844,72,142,50.70422535211267,-31.04654568,150.18888967,Outer Regional
13660,Gwydir,NEW SOUTH WALES,25,43,58.139534883720934,20,44,45.45454545454545,10,43,23.25581395348837,-29.59348105,150.51680946,Outer Regional
13800,Hawkesbury,NEW SOUTH WALES,115,714,16.106442577030812,61,716,8.519553072625698,426,716,59.49720670391061,-33.33477884,150.77324198,Major Cities
13850,Hay,NEW SOUTH WALES,11,23,47.82608695652174,6,24,25,5,23,21.73913043478261,-34.3158621,144.68369998,Outer Regional
13910,Hilltops,NEW SOUTH WALES,41,192,21.354166666666664,20,192,10.416666666666668,121,192,63.020833333333336,-34.35200991,148.50095747,Inner Regional
14000,Hornsby,NEW SOUTH WALES,290,1554,18.661518661518663,123,1557,7.89980732177264,884,1556,56.81233933161953,-33.58393044,151.0894142,Major Cities
14100,Hunters Hill,NEW SOUTH WALES,15,127,11.811023622047244,8,127,6.299212598425196,86,127,67.71653543307087,-33.83335184,151.14512897,Major Cities
14170,Inner West,NEW SOUTH WALES,220,1431,15.373864430468204,103,1442,7.142857142857142,886,1437,61.6562282533055,-33.89150439,151.15497403,Major Cities
14220,Inverell,NEW SOUTH WALES,52,178,29.213483146067414,28,187,14.973262032085561,77,179,43.01675977653631,-29.35985904,151.06760986,Outer Regional
14300,Junee,NEW SOUTH WALES,13,52,25,8,52,15.384615384615385,27,52,51.92307692307693,-34.81720674,147.66887666,Inner Regional
14350,Kempsey,NEW SOUTH WALES,78,262,29.770992366412212,46,262,17.557251908396946,118,262,45.038167938931295,-30.9515466,152.64473312,Inner Regional
14400,Kiama,NEW SOUTH WALES,23,215,10.69767441860465,12,216,5.555555555555555,149,216,68.98148148148148,-34.67887065,150.75622426,Major Cities
14500,Ku-ring-gai,NEW SOUTH WALES,209,1141,18.31726555652936,85,1153,7.372072853425846,671,1150,58.34782608695652,-33.7346102,151.15090827,Major Cities
14550,Kyogle,NEW SOUTH WALES,33,99,33.33333333333333,24,99,24.242424242424242,52,99,52.52525252525253,-28.61779555,152.77558056,Inner Regional
14600,Lachlan,NEW SOUTH WALES,20,74,27.027027027027028,13,74,17.56756756756757,35,74,47.2972972972973,-32.92003196,146.98987289,Remote
14650,Lake Macquarie,NEW SOUTH WALES,426,2148,19.832402234636874,231,2148,10.754189944134078,1161,2148,54.05027932960894,-33.0388571,151.53018206,Major Cities
14700,Lane Cove,NEW SOUTH WALES,64,418,15.311004784688995,27,420,6.428571428571428,224,419,53.46062052505967,-33.81999351,151.16689532,Major Cities
14750,Leeton,NEW SOUTH WALES,33,137,24.087591240875913,13,137,9.48905109489051,72,137,52.55474452554745,-34.53237002,146.30208236,Outer Regional
14850,Lismore,NEW SOUTH WALES,82,348,23.563218390804597,55,348,15.804597701149426,185,349,53.00859598853869,-28.7561747,153.27065551,Inner Regional
14870,Lithgow,NEW SOUTH WALES,35,160,21.875,16,160,10,95,160,59.375,-33.27767475,150.17895608,Inner Regional
14900,Liverpool,NEW SOUTH WALES,809,3103,26.071543667418627,456,3128,14.578005115089516,1529,3115,49.08507223113965,-33.93597105,150.82520704,Major Cities
14920,Liverpool Plains,NEW SOUTH WALES,20,65,30.76923076923077,8,65,12.307692307692308,30,65,46.15384615384615,-31.55061979,150.43841619,Outer Regional
14950,Lockhart,NEW SOUTH WALES,4,37,10.81081081081081,1,37,2.7027027027027026,25,37,67.56756756756756,-35.33127298,146.77543804,Outer Regional
15050,Maitland,NEW SOUTH WALES,264,1144,23.076923076923077,158,1144,13.81118881118881,598,1145,52.227074235807855,-32.71081374,151.54975567,Major Cities
15240,Mid-Coast,NEW SOUTH WALES,180,785,22.929936305732486,115,786,14.631043256997456,408,788,51.776649746192895,-32.0153345,152.09571882,Inner Regional
15270,Mid-Western Regional,NEW SOUTH WALES,93,314,29.617834394904456,47,315,14.920634920634921,150,315,47.61904761904761,-32.59381057,149.74242053,Inner Regional
15300,Moree Plains,NEW SOUTH WALES,42,127,33.07086614173229,29,127,22.83464566929134,57,127,44.881889763779526,-29.25287698,149.62894572,Outer Regional
15350,Mosman,NEW SOUTH WALES,19,216,8.796296296296296,5,217,2.3041474654377883,168,216,77.77777777777779,-33.8290817,151.24463512,Major Cities
15520,Murray River,NEW SOUTH WALES,18,126,14.285714285714285,9,126,7.142857142857142,87,126,69.04761904761905,-35.32472141,144.21163622,Inner Regional
15560,Murrumbidgee,NEW SOUTH WALES,11,26,42.30769230769231,9,26,34.61538461538461,9,26,34.61538461538461,-34.94960103,145.72922352,Outer Regional
15650,Muswellbrook,NEW SOUTH WALES,60,183,32.78688524590164,31,183,16.939890710382514,74,183,40.43715846994536,-32.4399244,150.63029581,Inner Regional
15750,Narrabri,NEW SOUTH WALES,27,137,19.708029197080293,14,137,10.218978102189782,67,137,48.9051094890511,-30.35649139,149.56488399,Outer Regional
15800,Narrandera,NEW SOUTH WALES,21,76,27.631578947368425,14,76,18.421052631578945,41,76,53.94736842105263,-34.61125956,146.57968218,Outer Regional
15850,Narromine,NEW SOUTH WALES,9,57,15.789473684210526,6,56,10.714285714285714,36,57,63.1578947368421,-32.22608912,148.06555499,Outer Regional
15900,Newcastle,NEW SOUTH WALES,320,1609,19.888129272840274,187,1610,11.614906832298137,924,1611,57.35567970204841,-32.88005756,151.69570718,Major Cities
15950,North Sydney,NEW SOUTH WALES,81,478,16.94560669456067,41,478,8.577405857740587,282,478,58.995815899581594,-33.8329519,151.2118728,Major Cities
15990,Northern Beaches,NEW SOUTH WALES,332,2564,12.948517940717629,142,2569,5.5274425846632935,1701,2566,66.28994544037413,-33.69023672,151.24967034,Major Cities
16100,Oberon,NEW SOUTH WALES,13,50,26,7,50,14.000000000000002,28,51,54.90196078431373,-33.88329141,149.81140078,Inner Regional
16150,Orange,NEW SOUTH WALES,123,471,26.11464968152866,57,471,12.101910828025478,254,471,53.92781316348195,-33.32466152,149.12037372,Inner Regional
16200,Parkes,NEW SOUTH WALES,45,181,24.861878453038674,23,184,12.5,94,181,51.93370165745856,-32.88101137,147.96142279,Outer Regional
16260,Parramatta,NEW SOUTH WALES,606,2800,21.642857142857146,289,2803,10.310381733856582,1569,2804,55.95577746077033,-33.79934287,151.02930771,Major Cities
16350,Penrith,NEW SOUTH WALES,638,2618,24.369747899159663,358,2618,13.674560733384263,1339,2621,51.08737123235406,-33.76537229,150.71807054,Major Cities
16380,Port Macquarie-Hastings,NEW SOUTH WALES,180,747,24.096385542168676,95,750,12.666666666666668,382,749,51.00133511348465,-31.40981098,152.53124473,Inner Regional
16400,Port Stephens,NEW SOUTH WALES,162,678,23.893805309734514,90,683,13.177159590043924,382,681,56.093979441997064,-32.72179516,151.84472212,Inner Regional
16490,Queanbeyan-Palerang Regional,NEW SOUTH WALES,175,746,23.458445040214475,82,757,10.83223249669749,390,750,52,-35.42275637,149.62717862,Major Cities
16550,Randwick,NEW SOUTH WALES,181,1065,16.995305164319248,84,1071,7.8431372549019605,619,1067,58.01312089971884,-33.94323893,151.24020953,Major Cities
16610,Richmond Valley,NEW SOUTH WALES,37,214,17.289719626168225,21,214,9.813084112149532,139,214,64.95327102803739,-29.05962733,153.04628156,Inner Regional
16700,Ryde,NEW SOUTH WALES,251,1274,19.701726844583987,118,1277,9.240407204385278,714,1277,55.912294440093966,-33.79913878,151.11056234,Major Cities
16900,Shellharbour,NEW SOUTH WALES,221,909,24.312431243124312,122,912,13.37719298245614,443,911,48.62788144895719,-34.58269234,150.77386847,Major Cities
16950,Shoalhaven,NEW SOUTH WALES,268,1091,24.56461961503208,134,1094,12.248628884826324,545,1092,49.908424908424905,-35.09441823,150.37328615,Inner Regional
17000,Singleton,NEW SOUTH WALES,58,261,22.22222222222222,35,261,13.409961685823754,135,261,51.724137931034484,-32.66037848,150.96453304,Inner Regional
17040,Snowy Monaro Regional,NEW SOUTH WALES,41,192,21.354166666666664,15,192,7.8125,92,192,47.91666666666667,-36.39645397,148.95891075,Outer Regional
17080,Snowy Valleys,NEW SOUTH WALES,47,162,29.01234567901235,30,162,18.51851851851852,78,162,48.148148148148145,-35.73378456,148.24919061,Inner Regional
17100,Strathfield,NEW SOUTH WALES,79,350,22.57142857142857,39,350,11.142857142857142,190,350,54.285714285714285,-33.88042574,151.07643714,Major Cities
17150,Sutherland Shire,NEW SOUTH WALES,351,2527,13.889988128215276,153,2534,6.037884767166536,1578,2533,62.297670746150814,-34.07513753,151.05101272,Major Cities
17200,Sydney,NEW SOUTH WALES,130,856,15.186915887850466,61,860,7.093023255813953,538,856,62.850467289719624,-33.88936327,151.20274013,Major Cities
17310,Tamworth Regional,NEW SOUTH WALES,212,744,28.49462365591398,113,752,15.02659574468085,325,750,43.333333333333336,-30.89251696,150.90705809,Inner Regional
17350,Temora,NEW SOUTH WALES,10,54,18.51851851851852,7,54,12.962962962962962,37,54,68.51851851851852,-34.38793959,147.48365634,Outer Regional
17400,Tenterfield,NEW SOUTH WALES,16,63,25.396825396825395,10,63,15.873015873015872,33,63,52.38095238095239,-28.943838,152.08643221,Outer Regional
17420,The Hills Shire,NEW SOUTH WALES,363,2333,15.559365623660524,165,2338,7.057313943541487,1398,2339,59.76913210773836,-33.58826054,150.96203409,Major Cities
17550,Tweed,NEW SOUTH WALES,162,973,16.649537512846866,72,972,7.4074074074074066,612,973,62.89825282631038,-28.3600007,153.35626834,Major Cities
17620,Upper Hunter Shire,NEW SOUTH WALES,29,146,19.863013698630137,12,146,8.21917808219178,81,146,55.47945205479452,-31.96925527,150.72652135,Inner Regional
17640,Upper Lachlan Shire,NEW SOUTH WALES,16,77,20.77922077922078,10,77,12.987012987012985,47,77,61.038961038961034,-34.41772233,149.45566953,Inner Regional
17650,Uralla,NEW SOUTH WALES,25,63,39.682539682539684,13,63,20.634920634920633,23,63,36.507936507936506,-30.50767559,151.31232917,Inner Regional
17750,Wagga Wagga,NEW SOUTH WALES,206,768,26.822916666666668,124,769,16.124837451235372,394,769,51.23537061118335,-35.19661668,147.36635092,Inner Regional
17850,Walcha,NEW SOUTH WALES,,,,,,,,,,-31.16390199,151.78452868,Outer Regional
17900,Walgett,NEW SOUTH WALES,33,81,40.74074074074074,22,82,26.82926829268293,30,81,37.03703703703704,-29.81665911,148.19445521,Remote
17950,Warren,NEW SOUTH WALES,,,,,,,,,,-31.32565282,147.67984399,Outer Regional
18020,Warrumbungle Shire,NEW SOUTH WALES,28,109,25.688073394495415,16,109,14.678899082568808,55,109,50.45871559633027,-31.46280681,149.40539253,Outer Regional
18050,Waverley,NEW SOUTH WALES,43,551,7.80399274047187,21,551,3.8112522686025407,393,551,71.32486388384754,-33.89005095,151.26684605,Major Cities
18100,Weddin,NEW SOUTH WALES,2,36,5.555555555555555,1,36,2.7777777777777777,29,36,80.55555555555556,-33.87191332,148.01124331,Outer Regional
18200,Wentworth,NEW SOUTH WALES,18,92,19.565217391304348,8,94,8.51063829787234,46,93,49.46236559139785,-33.57021125,142.24288014,Outer Regional
18250,Willoughby,NEW SOUTH WALES,116,737,15.739484396200815,54,744,7.258064516129033,412,739,55.751014884979696,-33.8010984,151.19637054,Major Cities
18350,Wingecarribee,NEW SOUTH WALES,67,487,13.75770020533881,30,488,6.147540983606557,312,488,63.934426229508205,-34.47693689,150.35625909,Inner Regional
18400,Wollondilly,NEW SOUTH WALES,126,709,17.77150916784203,58,710,8.169014084507042,410,711,57.66526019690576,-34.10194097,150.44379513,Inner Regional
18450,Wollongong,NEW SOUTH WALES,472,2210,21.357466063348415,235,2212,10.623869801084991,1254,2212,56.69077757685352,-34.36879339,150.83711617,Major Cities
18500,Woollahra,NEW SOUTH WALES,,,,,,,,,,-33.87167499,151.25739234,Major Cities
18710,Yass Valley,NEW SOUTH WALES,25,133,18.796992481203006,8,133,6.015037593984962,73,133,54.88721804511278,-34.9542016,148.88499358,Inner Regional
19399,Unincorporated NSW,NEW SOUTH WALES,,,,,,,,,,-30.65472049,142.2156911,Very Remote
20110,Alpine,VICTORIA,20,114,17.543859649122805,11,114,9.649122807017543,60,114,52.63157894736842,-36.85356886,146.9741716,Inner Regional
20260,Ararat,VICTORIA,41,107,38.31775700934579,27,107,25.233644859813083,41,107,38.31775700934579,-37.47270906,142.84319093,Inner Regional
20570,Ballarat,VICTORIA,303,1119,27.07774798927614,179,1121,15.967885816235505,551,1120,49.19642857142857,-37.49285356,143.78147065,Inner Regional
20660,Banyule,VICTORIA,190,1152,16.493055555555554,89,1159,7.679033649698015,698,1160,60.17241379310345,-37.73044097,145.08514087,Major Cities
20740,Bass Coast,VICTORIA,72,300,24,43,300,14.333333333333334,156,300,52,-38.50728862,145.55805566,Inner Regional
20830,Baw Baw,VICTORIA,164,644,25.465838509316768,94,644,14.596273291925465,300,644,46.58385093167702,-37.98399912,146.13150271,Inner Regional
20910,Bayside (Vic.),VICTORIA,78,776,10.051546391752577,35,778,4.4987146529562985,559,778,71.8508997429306,-37.94183906,145.01815395,Major Cities
21010,Benalla,VICTORIA,38,126,30.158730158730158,24,126,19.047619047619047,65,126,51.587301587301596,-36.58700297,146.02376159,Inner Regional
21110,Boroondara,VICTORIA,182,1074,16.945996275605214,82,1077,7.613741875580315,642,1078,59.554730983302406,-37.81928627,145.06308913,Major Cities
21180,Brimbank,VICTORIA,493,1771,27.837380011293057,268,1772,15.124153498871332,834,1774,47.01240135287486,-37.74755294,144.8033107,Major Cities
21270,Buloke,VICTORIA,18,48,37.5,5,48,10.416666666666668,14,48,29.166666666666668,-35.91238555,143.0049303,Outer Regional
21370,Campaspe,VICTORIA,73,320,22.8125,39,320,12.1875,169,320,52.81249999999999,-36.3451923,144.716414,Inner Regional
21450,Cardinia,VICTORIA,376,1607,23.39763534536403,207,1611,12.849162011173185,840,1608,52.23880597014925,-38.08301379,145.57268532,Major Cities
21610,Casey,VICTORIA,1336,5268,25.360668185269553,716,5271,13.583760197306013,2654,5277,50.29372749668373,-38.10435016,145.30901095,Major Cities
21670,Central Goldfields,VICTORIA,33,82,40.243902439024396,15,82,18.29268292682927,31,82,37.80487804878049,-37.00716246,143.71384065,Inner Regional
21830,Corangamite,VICTORIA,21,119,17.647058823529413,12,119,10.084033613445378,78,119,65.54621848739495,-38.20432331,143.1986512,Inner Regional
21890,Darebin,VICTORIA,182,1153,15.784908933217693,96,1166,8.233276157804461,709,1161,61.068044788975016,-37.73345861,145.01433314,Major Cities
22110,East Gippsland,VICTORIA,85,285,29.82456140350877,45,285,15.789473684210526,143,285,50.175438596491226,-37.37801723,148.2916666,Outer Regional
22170,Frankston,VICTORIA,284,1212,23.432343234323433,146,1220,11.967213114754099,650,1217,53.410024650780606,-38.13460819,145.17379881,Major Cities
22250,Gannawarra,VICTORIA,25,104,24.03846153846154,13,104,12.5,54,104,51.92307692307693,-35.75158154,143.80423228,Outer Regional
22310,Glen Eira,VICTORIA,218,1163,18.74462596732588,109,1166,9.34819897084048,670,1164,57.56013745704467,-37.90120582,145.04260255,Major Cities
22410,Glenelg,VICTORIA,34,146,23.28767123287671,18,146,12.32876712328767,64,146,43.83561643835616,-37.87049853,141.38572819,Outer Regional
22490,Golden Plains,VICTORIA,75,268,27.985074626865668,34,270,12.592592592592592,141,270,52.22222222222223,-37.88206522,143.84251106,Inner Regional
22620,Greater Bendigo,VICTORIA,326,1318,24.73444613050076,160,1321,12.112036336109009,701,1320,53.1060606060606,-36.73444118,144.42264588,Inner Regional
22670,Greater Dandenong,VICTORIA,440,1526,28.833551769331585,245,1525,16.065573770491802,706,1529,46.17396991497711,-38.00558933,145.19000911,Major Cities
22750,Greater Geelong,VICTORIA,569,2543,22.375147463625638,313,2547,12.288967412642323,1391,2546,54.63472113118617,-38.06895866,144.41716238,Major Cities
22830,Greater Shepparton,VICTORIA,256,740,34.5945945945946,149,740,20.135135135135133,295,740,39.86486486486486,-36.39699454,145.38619913,Inner Regional
22910,Hepburn,VICTORIA,26,131,19.84732824427481,16,131,12.213740458015266,71,131,54.19847328244275,-37.31693705,144.0575605,Inner Regional
22980,Hindmarsh,VICTORIA,7,41,17.073170731707318,4,41,9.75609756097561,17,41,41.46341463414634,-36.05151799,141.75255415,Outer Regional
23110,Hobsons Bay,VICTORIA,153,721,21.220527045769764,71,731,9.712722298221614,410,725,56.55172413793104,-37.85472062,144.82975767,Major Cities
23190,Horsham,VICTORIA,54,198,27.27272727272727,24,198,12.121212121212121,98,198,49.494949494949495,-36.82574524,142.0904501,Outer Regional
23270,Hume,VICTORIA,943,3070,30.71661237785016,548,3079,17.797986359207535,1341,3083,43.496594226402856,-37.58918224,144.82453427,Major Cities
23350,Indigo,VICTORIA,36,143,25.174825174825177,17,143,11.888111888111888,65,143,45.45454545454545,-36.22554892,146.72309385,Inner Regional
23670,Knox,VICTORIA,221,1244,17.765273311897108,116,1249,9.287429943955164,736,1248,58.97435897435898,-37.88898225,145.25866968,Major Cities
23940,Loddon,VICTORIA,17,69,24.637681159420293,9,69,13.043478260869565,30,69,43.47826086956522,-36.36390536,143.86714229,Outer Regional
24130,Macedon Ranges,VICTORIA,53,523,10.133843212237094,33,526,6.273764258555133,354,524,67.55725190839695,-37.33566772,144.6166136,Inner Regional
24210,Manningham,VICTORIA,171,1103,15.503173164097914,72,1105,6.515837104072399,709,1105,64.16289592760181,-37.76159035,145.18856082,Major Cities
24250,Mansfield,VICTORIA,11,68,16.176470588235293,8,69,11.594202898550725,38,69,55.072463768115945,-37.20042706,146.20683574,Outer Regional
24330,Maribyrnong,VICTORIA,169,767,22.033898305084744,103,769,13.394018205461638,396,769,51.49544863459038,-37.79526741,144.87777229,Major Cities
24410,Maroondah,VICTORIA,164,1123,14.603739982190561,76,1126,6.74955595026643,680,1123,60.55209260908282,-37.80487232,145.26526145,Major Cities
24600,Melbourne,VICTORIA,147,615,23.902439024390244,89,614,14.495114006514658,342,615,55.60975609756098,-37.81049808,144.94390487,Major Cities
24650,Melton,VICTORIA,727,2470,29.4331983805668,380,2478,15.334947538337367,1126,2475,45.494949494949495,-37.69300563,144.62598181,Major Cities
24780,Mildura,VICTORIA,117,419,27.923627684964202,69,419,16.467780429594274,193,419,46.06205250596659,-34.86921286,141.68286211,Outer Regional
24850,Mitchell,VICTORIA,140,583,24.013722126929675,76,585,12.991452991452993,302,584,51.71232876712328,-37.13753045,145.00160516,Inner Regional
24900,Moira,VICTORIA,70,285,24.561403508771928,44,283,15.547703180212014,143,285,50.175438596491226,-36.06189191,145.55035824,Inner Regional
24970,Monash,VICTORIA,276,1553,17.77205408886027,138,1551,8.897485493230175,953,1555,61.28617363344051,-37.89714147,145.14403346,Major Cities
25060,Moonee Valley,VICTORIA,125,855,14.619883040935672,66,855,7.719298245614035,545,855,63.74269005847953,-37.74949992,144.89576167,Major Cities
25150,Moorabool,VICTORIA,86,406,21.182266009852217,41,413,9.927360774818402,238,408,58.333333333333336,-37.63277513,144.21565037,Major Cities
25250,Moreland,VICTORIA,268,1396,19.197707736389685,129,1413,9.129511677282377,736,1410,52.198581560283685,-37.72991856,144.948888,Major Cities
25340,Mornington Peninsula,VICTORIA,216,1355,15.940959409594097,109,1356,8.03834808259587,839,1356,61.87315634218289,-38.34168734,145.03533172,Major Cities
25430,Mount Alexander,VICTORIA,34,151,22.516556291390728,18,150,12,76,152,50,-37.05079024,144.1929367,Inner Regional
25490,Moyne,VICTORIA,33,178,18.53932584269663,14,178,7.865168539325842,107,179,59.77653631284916,-38.12245428,142.49003567,Inner Regional
25620,Murrindindi,VICTORIA,22,122,18.0327868852459,9,122,7.377049180327869,67,122,54.91803278688525,-37.31098104,145.63010535,Inner Regional
25710,Nillumbik,VICTORIA,83,630,13.174603174603176,40,632,6.329113924050633,384,631,60.855784469096676,-37.62291463,145.23680435,Major Cities
25810,Northern Grampians,VICTORIA,22,81,27.160493827160494,11,81,13.580246913580247,40,81,49.382716049382715,-36.844629,142.91964299,Inner Regional
25900,Port Phillip,VICTORIA,90,526,17.110266159695815,46,526,8.745247148288973,335,526,63.68821292775665,-37.85181579,144.96579724,Major Cities
25990,Pyrenees,VICTORIA,6,46,13.043478260869565,4,46,8.695652173913043,28,46,60.86956521739131,-37.31645794,143.37504108,Inner Regional
26080,Queenscliffe,VICTORIA,3,22,13.636363636363635,1,22,4.545454545454546,14,22,63.63636363636363,-38.2642803,144.6477154,Inner Regional
26170,South Gippsland,VICTORIA,76,267,28.46441947565543,42,267,15.730337078651685,113,268,42.16417910447761,-38.6213771,146.07599188,Inner Regional
26260,Southern Grampians,VICTORIA,35,146,23.972602739726025,26,147,17.687074829931973,84,147,57.14285714285714,-37.53653334,142.03309397,Inner Regional
26350,Stonnington,VICTORIA,64,509,12.573673870333987,31,508,6.102362204724409,332,509,65.22593320235757,-37.85795483,145.03365691,Major Cities
26430,Strathbogie,VICTORIA,15,81,18.51851851851852,6,81,7.4074074074074066,49,81,60.49382716049383,-36.76033144,145.43491751,Inner Regional
26490,Surf Coast,VICTORIA,26,356,7.303370786516854,14,356,3.932584269662921,237,356,66.57303370786516,-38.31230179,144.05312205,Inner Regional
26610,Swan Hill,VICTORIA,45,211,21.32701421800948,22,211,10.42654028436019,132,211,62.55924170616114,-35.12020531,143.1254554,Outer Regional
26670,Towong,VICTORIA,13,55,23.636363636363637,7,55,12.727272727272727,27,55,49.09090909090909,-36.35445047,147.59885786,Outer Regional
26700,Wangaratta,VICTORIA,34,241,14.107883817427386,15,242,6.198347107438017,157,242,64.87603305785123,-36.58826892,146.42838546,Inner Regional
26730,Warrnambool,VICTORIA,80,365,21.91780821917808,35,365,9.58904109589041,207,365,56.71232876712329,-38.37144385,142.51181388,Inner Regional
26810,Wellington,VICTORIA,116,429,27.03962703962704,64,429,14.918414918414918,201,429,46.85314685314685,-37.89435055,146.91934771,Inner Regional
26890,West Wimmera,VICTORIA,3,43,6.976744186046512,0,43,0,35,43,81.3953488372093,-36.67556543,141.27936333,Outer Regional
26980,Whitehorse,VICTORIA,212,1423,14.898102600140547,109,1428,7.633053221288516,886,1424,62.21910112359551,-37.83024851,145.15505992,Major Cities
27070,Whittlesea,VICTORIA,549,2583,21.254355400696863,296,2593,11.415349016583107,1396,2587,53.962118283726326,-37.54721249,145.07769266,Major Cities
27170,Wodonga,VICTORIA,139,505,27.524752475247528,73,505,14.455445544554454,251,505,49.7029702970297,-36.15055606,146.8826174,Inner Regional
27260,Wyndham,VICTORIA,1133,4470,25.346756152125277,594,4481,13.25596964963178,2236,4486,49.84395898350423,-37.886647,144.61825238,Major Cities
27350,Yarra,VICTORIA,98,558,17.562724014336915,60,559,10.73345259391771,336,559,60.10733452593918,-37.80228082,144.99854855,Major Cities
27450,Yarra Ranges,VICTORIA,285,1543,18.470511989630587,132,1546,8.538163001293661,890,1544,57.64248704663213,-37.71427637,145.69703661,Major Cities
27630,Yarriambiack,VICTORIA,11,44,25,6,44,13.636363636363635,22,44,50,-35.99006415,142.41900923,Outer Regional
29399,Unincorporated Vic,VICTORIA,0,0,0,0,0,0,0,0,0,-37.89911012,145.89278994,Outer Regional
30250,Aurukun,QUEENSLAND,,,,,,,,,,-13.60937695,141.82844659,Very Remote
30300,Balonne,QUEENSLAND,21,62,33.87096774193548,11,62,17.741935483870968,28,62,45.16129032258064,-28.31589448,148.1161709,Remote
30370,Banana,QUEENSLAND,45,171,26.31578947368421,20,171,11.695906432748536,98,171,57.30994152046783,-24.93516691,149.93870351,Outer Regional
30410,Barcaldine,QUEENSLAND,11,29,37.93103448275862,7,29,24.137931034482758,10,29,34.48275862068966,-23.11368703,145.6934209,Very Remote
30450,Barcoo,QUEENSLAND,,,,,,,,,,-25.13106967,142.26746187,Very Remote
30900,Boulia,QUEENSLAND,,,,,,,,,,-22.48046453,139.24645429,Very Remote
31000,Brisbane,QUEENSLAND,2756,12887,21.385892760145882,1371,12919,10.612276491988544,7291,12903,56.50623885918004,-27.43784099,153.03900329,Major Cities
31750,Bulloo,QUEENSLAND,,,,,,,,,,-28.02130615,142.59483607,Very Remote
31820,Bundaberg,QUEENSLAND,289,966,29.91718426501035,166,970,17.11340206185567,424,970,43.71134020618557,-24.96787263,152.03590118,Inner Regional
31900,Burdekin,QUEENSLAND,65,200,32.5,36,201,17.91044776119403,86,201,42.78606965174129,-19.82358277,147.24310541,Outer Regional
31950,Burke,QUEENSLAND,,,,,,,,,,-18.03133151,138.94768408,Very Remote
32080,Cairns,QUEENSLAND,455,1814,25.08269018743109,251,1817,13.813979086406164,919,1817,50.577875619152444,-17.16016024,145.81900114,Outer Regional
32250,Carpentaria,QUEENSLAND,17,24,70.83333333333334,9,24,37.5,3,24,12.5,-17.44439712,141.36474592,Very Remote
32260,Cassowary Coast,QUEENSLAND,134,344,38.95348837209303,82,344,23.837209302325583,118,344,34.30232558139535,-17.95955139,145.92597237,Outer Regional
32310,Charters Towers,QUEENSLAND,33,111,29.72972972972973,15,111,13.513513513513514,56,111,50.45045045045045,-20.14886267,145.78820293,Outer Regional
32330,Cherbourg,QUEENSLAND,,,,,,,,,,-26.28880855,151.93599303,Inner Regional
32450,Cloncurry,QUEENSLAND,11,46,23.91304347826087,3,46,6.521739130434782,22,46,47.82608695652174,-20.81770446,140.2647626,Remote
32500,Cook,QUEENSLAND,13,45,28.888888888888886,7,45,15.555555555555555,21,45,46.666666666666664,-14.23598838,143.25974703,Remote
32600,Croydon,QUEENSLAND,,,,,,,,,,-18.55409959,142.21680115,Very Remote
32750,Diamantina,QUEENSLAND,,,,,,,,,,-24.63027467,139.73181967,Very Remote
32770,Doomadgee,QUEENSLAND,19,30,63.33333333333333,10,30,33.33333333333333,2,30,6.666666666666667,-17.5965287,138.78095322,Very Remote
32810,Douglas,QUEENSLAND,19,103,18.446601941747574,10,103,9.70873786407767,61,103,59.22330097087378,-16.22204082,145.28669679,Outer Regional
33100,Etheridge,QUEENSLAND,,,,,,,,,,-18.50462098,143.66040512,Very Remote
33220,Fraser Coast,QUEENSLAND,311,972,31.995884773662553,181,973,18.602261048304214,430,973,44.19321685508736,-25.52798321,152.67675529,Inner Regional
33360,Gladstone,QUEENSLAND,247,857,28.821470245040842,132,856,15.42056074766355,439,857,51.22520420070011,-24.1763232,151.30703083,Inner Regional
33430,Gold Coast,QUEENSLAND,1285,6166,20.840090820629257,639,6176,10.346502590673575,3506,6170,56.823338735818474,-27.98055785,153.31847702,Major Cities
33610,Goondiwindi,QUEENSLAND,37,133,27.819548872180448,22,133,16.541353383458645,64,133,48.1203007518797,-28.37358977,150.33989274,Outer Regional
33620,Gympie,QUEENSLAND,121,524,23.091603053435115,62,526,11.787072243346007,278,525,52.95238095238095,-26.14703772,152.46363462,Inner Regional
33800,Hinchinbrook,QUEENSLAND,21,95,22.105263157894736,13,95,13.684210526315791,52,95,54.736842105263165,-18.66189497,146.04760884,Outer Regional
33830,Hope Vale,QUEENSLAND,9,18,50,7,18,38.88888888888889,5,18,27.77777777777778,-15.16724626,145.19200523,Remote
33960,Ipswich,QUEENSLAND,1025,3634,28.20583379196478,574,3645,15.747599451303154,1769,3639,48.61225611431712,-27.66448157,152.66628119,Major Cities
33980,Isaac,QUEENSLAND,77,306,25.163398692810457,48,306,15.686274509803921,166,306,54.248366013071895,-22.23810156,147.89185171,Outer Regional
34420,Kowanyama,QUEENSLAND,,,,,,,,,,-15.31952785,141.81056355,Very Remote
34530,Livingstone,QUEENSLAND,100,405,24.691358024691358,50,404,12.376237623762377,210,405,51.85185185185185,-22.79598425,150.19347439,Inner Regional
34570,Lockhart River,QUEENSLAND,,,,,,,,,,-13.00548318,143.24024712,Very Remote
34580,Lockyer Valley,QUEENSLAND,122,467,26.124197002141326,60,477,12.578616352201259,235,470,50,-27.64272986,152.24055216,Inner Regional
34590,Logan,QUEENSLAND,1465,5039,29.07322881524112,847,5038,16.812227074235807,2364,5041,46.895457250545526,-27.76239608,153.04020703,Major Cities
34710,Longreach,QUEENSLAND,4,39,10.256410256410255,4,39,10.256410256410255,29,39,74.35897435897436,-23.71813391,143.95931906,Very Remote
34770,Mackay,QUEENSLAND,442,1557,28.387925497752086,250,1558,16.046213093709884,733,1558,47.04749679075738,-21.13909186,148.80424296,Inner Regional
34800,McKinlay,QUEENSLAND,,,,,,,,,,-20.53399759,141.58696429,Very Remote
34830,Mapoon,QUEENSLAND,,,,,,,,,,-12.14176175,141.9198042,Very Remote
34860,Maranoa,QUEENSLAND,45,155,29.03225806451613,26,155,16.7741935483871,86,155,55.483870967741936,-26.5443438,148.28738686,Outer Regional
34880,Mareeba,QUEENSLAND,60,216,27.77777777777778,34,217,15.668202764976957,102,217,47.004608294930875,-16.98496464,143.95536089,Outer Regional
35010,Moreton Bay,QUEENSLAND,1587,5672,27.979548660084625,888,5675,15.647577092511014,2771,5678,48.80239520958084,-27.11799306,152.8831201,Major Cities
35250,Mornington,QUEENSLAND,,,,,,,,,,-16.63183326,139.40131196,Very Remote
35300,Mount Isa,QUEENSLAND,103,292,35.273972602739725,64,292,21.91780821917808,122,292,41.78082191780822,-19.95391499,138.78226236,Remote
35600,Murweh,QUEENSLAND,18,40,45,8,40,20,10,40,25,-26.18967957,146.48947618,Very Remote
35670,Napranum,QUEENSLAND,10,16,62.5,5,17,29.411764705882355,4,17,23.52941176470588,-12.51576777,142.11243819,Very Remote
35740,Noosa,QUEENSLAND,60,411,14.5985401459854,28,415,6.746987951807229,261,411,63.503649635036496,-26.32485421,152.94557597,Major Cities
35760,North Burnett,QUEENSLAND,34,96,35.41666666666667,17,96,17.708333333333336,39,96,40.625,-25.35528358,151.2041668,Outer Regional
35780,Northern Peninsula Area,QUEENSLAND,19,55,34.54545454545455,13,55,23.636363636363637,12,55,21.818181818181817,-11.00491619,142.31289021,Very Remote
35790,Palm Island,QUEENSLAND,14,31,45.16129032258064,6,31,19.35483870967742,9,31,29.03225806451613,-18.73136093,146.6002524,Remote
35800,Paroo,QUEENSLAND,18,28,64.28571428571429,13,27,48.148148148148145,6,28,21.428571428571427,-28.0729194,145.77128206,Very Remote
36070,Pormpuraaw,QUEENSLAND,,,,,,,,,,-14.71940668,141.80739752,Very Remote
36150,Quilpie,QUEENSLAND,,,,0,15,0,10,15,66.66666666666666,-26.34882992,143.89343841,Very Remote
36250,Redland,QUEENSLAND,333,1632,20.40441176470588,160,1637,9.773976786805132,932,1634,57.037943696450434,-27.56859849,153.36084295,Major Cities
36300,Richmond,QUEENSLAND,,,,,,,,,,-20.54065546,142.9010569,Very Remote
36370,Rockhampton,QUEENSLAND,302,972,31.069958847736622,165,972,16.97530864197531,402,972,41.358024691358025,-23.44114359,150.21842066,Inner Regional
36510,Scenic Rim,QUEENSLAND,96,410,23.414634146341466,48,410,11.707317073170733,210,410,51.21951219512195,-28.06178715,152.79622117,Inner Regional
36580,Somerset,QUEENSLAND,81,284,28.52112676056338,43,283,15.19434628975265,138,286,48.25174825174825,-27.0089366,152.42521332,Inner Regional
36630,South Burnett,QUEENSLAND,96,312,30.76923076923077,61,312,19.55128205128205,136,312,43.58974358974359,-26.40522084,151.64692558,Inner Regional
36660,Southern Downs,QUEENSLAND,110,360,30.555555555555557,64,360,17.77777777777778,168,360,46.666666666666664,-28.40552515,151.88581245,Inner Regional
36720,Sunshine Coast,QUEENSLAND,703,3607,19.489880787357915,328,3613,9.078328259064488,2102,3610,58.22714681440443,-26.69618141,152.89835191,Major Cities
36820,Tablelands,QUEENSLAND,68,263,25.85551330798479,36,264,13.636363636363635,144,264,54.54545454545454,-17.93064047,145.33097941,Outer Regional
36910,Toowoomba,QUEENSLAND,600,2021,29.688273132112812,351,2022,17.359050445103858,990,2022,48.96142433234421,-27.58199231,151.53389294,Inner Regional
36950,Torres,QUEENSLAND,17,55,30.909090909090907,7,55,12.727272727272727,23,55,41.81818181818181,-10.73116317,142.41227812,Very Remote
36960,Torres Strait Island,QUEENSLAND,44,90,48.888888888888886,31,90,34.44444444444444,26,90,28.888888888888886,-9.85911737,142.36557136,Very Remote
37010,Townsville,QUEENSLAND,635,2214,28.681120144534777,340,2221,15.308419630796937,1056,2217,47.6319350473613,-19.3908331,146.71166987,Outer Regional
37300,Weipa,QUEENSLAND,2,65,3.076923076923077,1,65,1.5384615384615385,51,65,78.46153846153847,-12.64044586,141.87890378,Very Remote
37310,Western Downs,QUEENSLAND,124,470,26.382978723404253,70,471,14.8619957537155,236,471,50.10615711252654,-26.84156657,150.34731875,Outer Regional
37340,Whitsunday,QUEENSLAND,85,370,22.972972972972975,45,371,12.129380053908356,187,371,50.40431266846361,-20.70094104,147.72469645,Outer Regional
37400,Winton,QUEENSLAND,,,,,,,,,,-22.53914476,142.42449784,Very Remote
37550,Woorabinda,QUEENSLAND,,,,,,,,,,-23.94395141,149.52554549,Remote
37570,Wujal Wujal,QUEENSLAND,,,,,,,,,,-15.96830325,145.31319224,Remote
37600,Yarrabah,QUEENSLAND,23,46,50,13,45,28.888888888888886,7,46,15.217391304347828,-16.99453947,145.89715952,Outer Regional
40070,Adelaide,SOUTH AUSTRALIA,13,66,19.696969696969695,8,66,12.121212121212121,43,67,64.17910447761194,-34.92198297,138.5989126,Major Cities
40120,Adelaide Hills,SOUTH AUSTRALIA,68,389,17.480719794344473,40,389,10.282776349614396,234,390,60,-34.89282375,138.83622923,Major Cities
40220,Alexandrina,SOUTH AUSTRALIA,37,212,17.452830188679243,23,212,10.849056603773585,132,212,62.264150943396224,-35.35191397,138.878352,Inner Regional
40310,Barossa,SOUTH AUSTRALIA,45,230,19.565217391304348,24,230,10.434782608695652,141,230,61.30434782608696,-34.62106436,139.00168242,Inner Regional
40430,Barunga West,SOUTH AUSTRALIA,5,24,20.833333333333336,3,24,12.5,18,24,75,-33.79896708,137.95633664,Outer Regional
40700,Burnside,SOUTH AUSTRALIA,68,421,16.152019002375297,27,425,6.352941176470588,248,424,58.490566037735846,-34.93997636,138.65986719,Major Cities
41010,Ceduna,SOUTH AUSTRALIA,22,54,40.74074074074074,10,54,18.51851851851852,16,54,29.629629629629626,-32.1021117,133.8724203,Very Remote
41060,Charles Sturt,SOUTH AUSTRALIA,235,1063,22.10724365004704,128,1064,12.030075187969924,610,1063,57.38476011288805,-34.8903651,138.52361108,Major Cities
41140,Clare and Gilbert Valleys,SOUTH AUSTRALIA,23,79,29.11392405063291,11,79,13.924050632911392,39,79,49.36708860759494,-34.00397013,138.73596946,Inner Regional
41190,Cleve,SOUTH AUSTRALIA,5,22,22.727272727272727,3,22,13.636363636363635,14,22,63.63636363636363,-33.65030968,136.28475039,Remote
41330,Coober Pedy,SOUTH AUSTRALIA,,,,,,,,,,-29.01585855,134.75235293,Very Remote
41560,Copper Coast,SOUTH AUSTRALIA,38,128,29.6875,22,128,17.1875,59,128,46.09375,-33.98339271,137.72895837,Outer Regional
41750,Elliston,SOUTH AUSTRALIA,,,,,,,,,,-33.56155315,135.34460736,Very Remote
41830,Flinders Ranges,SOUTH AUSTRALIA,7,17,41.17647058823529,3,17,17.647058823529413,8,17,47.05882352941176,-32.07562392,138.30119071,Outer Regional
41960,Franklin Harbour,SOUTH AUSTRALIA,,,,,,,,,,-33.53430316,136.96440784,Remote
42030,Gawler,SOUTH AUSTRALIA,52,250,20.8,25,250,10,143,250,57.199999999999996,-34.62212681,138.729882,Major Cities
42110,Goyder,SOUTH AUSTRALIA,8,20,40,3,20,15,8,20,40,-33.64597118,139.07407518,Outer Regional
42250,Grant,SOUTH AUSTRALIA,8,72,11.11111111111111,3,72,4.166666666666666,49,72,68.05555555555556,-37.84610371,140.7247687,Outer Regional
42600,Holdfast Bay,SOUTH AUSTRALIA,41,273,15.018315018315018,18,273,6.593406593406594,168,273,61.53846153846154,-35.00114401,138.52130997,Major Cities
42750,Kangaroo Island,SOUTH AUSTRALIA,7,47,14.893617021276595,3,47,6.382978723404255,27,47,57.446808510638306,-35.82781952,137.23976879,Remote
43080,Karoonda East Murray,SOUTH AUSTRALIA,4,15,26.666666666666668,2,15,13.333333333333334,9,15,60,-34.95050499,140.02009493,Outer Regional
43220,Kimba,SOUTH AUSTRALIA,,,,,,,,,,-33.00269332,136.14379932,Remote
43650,Light,SOUTH AUSTRALIA,41,185,22.162162162162165,22,185,11.891891891891893,98,185,52.972972972972975,-34.41110559,138.84649428,Inner Regional
43710,Lower Eyre Peninsula,SOUTH AUSTRALIA,16,66,24.242424242424242,8,67,11.940298507462686,29,67,43.28358208955223,-34.41245493,135.59708303,Remote
43790,Loxton Waikerie,SOUTH AUSTRALIA,33,117,28.205128205128204,15,118,12.711864406779661,58,118,49.152542372881356,-34.50822872,140.35162495,Outer Regional
44000,Maralinga Tjarutja,SOUTH AUSTRALIA,0,0,0,0,0,0,0,0,0,-29.32921714,130.93865909,Very Remote
44060,Marion,SOUTH AUSTRALIA,193,971,19.87641606591143,106,970,10.927835051546392,572,971,58.90834191555098,-35.03248303,138.53969628,Major Cities
44210,Mid Murray,SOUTH AUSTRALIA,15,68,22.058823529411764,4,69,5.797101449275362,40,69,57.971014492753625,-34.4502208,139.46138698,Inner Regional
44340,Mitcham,SOUTH AUSTRALIA,104,706,14.730878186968837,38,711,5.344585091420535,429,712,60.25280898876404,-35.00387567,138.62175005,Major Cities
44550,Mount Barker,SOUTH AUSTRALIA,102,472,21.610169491525426,56,477,11.740041928721174,241,477,50.524109014675055,-35.08580933,138.87500436,Major Cities
44620,Mount Gambier,SOUTH AUSTRALIA,63,281,22.419928825622776,34,281,12.099644128113878,152,281,54.092526690391466,-37.82534522,140.78168243,Outer Regional
44830,Mount Remarkable,SOUTH AUSTRALIA,7,25,28.000000000000004,6,25,24,14,25,56.00000000000001,-32.75828444,138.20511285,Outer Regional
45040,Murray Bridge,SOUTH AUSTRALIA,78,173,45.08670520231214,49,173,28.32369942196532,60,173,34.68208092485549,-35.15931858,139.301783,Inner Regional
45120,Northern Areas,SOUTH AUSTRALIA,9,43,20.930232558139537,4,43,9.30232558139535,23,43,53.48837209302325,-33.28640906,138.51141969,Outer Regional
45340,Onkaparinga,SOUTH AUSTRALIA,490,1782,27.497194163860833,268,1790,14.972067039106147,891,1785,49.91596638655462,-35.17868805,138.56885259,Major Cities
45540,Peterborough,SOUTH AUSTRALIA,,,,,,,,,,-32.86412252,139.05964114,Outer Regional
45680,Playford,SOUTH AUSTRALIA,530,1469,36.0789652825051,305,1468,20.776566757493185,596,1469,40.57181756296801,-34.68888928,138.66296658,Major Cities
45890,Port Adelaide Enfield,SOUTH AUSTRALIA,294,1317,22.323462414578586,155,1324,11.706948640483382,733,1323,55.40438397581254,-34.84071201,138.56150766,Major Cities
46090,Port Augusta,SOUTH AUSTRALIA,66,163,40.49079754601227,40,162,24.691358024691358,62,163,38.036809815950924,-32.59564699,137.75516645,Outer Regional
46300,Port Lincoln,SOUTH AUSTRALIA,30,154,19.480519480519483,19,155,12.258064516129032,83,154,53.896103896103895,-34.72922121,135.85112844,Remote
46510,Prospect,SOUTH AUSTRALIA,28,221,12.669683257918551,13,221,5.88235294117647,154,221,69.68325791855203,-34.88399707,138.5979358,Major Cities
46670,Renmark Paringa,SOUTH AUSTRALIA,22,104,21.153846153846153,14,104,13.461538461538462,53,104,50.96153846153846,-34.18235452,140.81402109,Outer Regional
46860,Robe,SOUTH AUSTRALIA,,,,,,,,,,-37.1876842,139.97944244,Outer Regional
46970,Roxby Downs,SOUTH AUSTRALIA,15,57,26.31578947368421,4,57,7.017543859649122,34,57,59.64912280701754,-30.55438582,136.88117865,Remote
47140,Salisbury,SOUTH AUSTRALIA,497,1623,30.622304374614913,295,1623,18.176216882316698,725,1625,44.61538461538462,-34.77265898,138.61129931,Major Cities
47290,Southern Mallee,SOUTH AUSTRALIA,3,19,15.789473684210526,2,19,10.526315789473683,12,19,63.1578947368421,-35.39392082,140.5743521,Remote
47490,Streaky Bay,SOUTH AUSTRALIA,3,21,14.285714285714285,2,21,9.523809523809524,12,21,57.14285714285714,-32.70891704,134.56402853,Very Remote
47630,Tatiara,SOUTH AUSTRALIA,6,57,10.526315789473683,5,57,8.771929824561402,36,57,63.1578947368421,-36.22791994,140.58444063,Outer Regional
47700,Tea Tree Gully,SOUTH AUSTRALIA,219,981,22.32415902140673,104,982,10.590631364562118,529,983,53.81485249237029,-34.8051616,138.71804094,Major Cities
47910,Tumby Bay,SOUTH AUSTRALIA,7,34,20.588235294117645,5,34,14.705882352941178,18,34,52.94117647058824,-34.17933413,136.01969717,Remote
47980,Unley,SOUTH AUSTRALIA,51,334,15.269461077844312,24,334,7.18562874251497,222,334,66.46706586826348,-34.9547972,138.60403229,Major Cities
48050,Victor Harbor,SOUTH AUSTRALIA,30,80,37.5,16,79,20.253164556962027,27,80,33.75,-35.51278989,138.54616147,Inner Regional
48130,Wakefield,SOUTH AUSTRALIA,21,75,28.000000000000004,9,75,12,39,75,52,-33.99144534,138.35650495,Inner Regional
48260,Walkerville,SOUTH AUSTRALIA,6,63,9.523809523809524,3,63,4.761904761904762,50,63,79.36507936507937,-34.89278583,138.61710948,Major Cities
48340,Wattle Range,SOUTH AUSTRALIA,33,115,28.695652173913043,19,115,16.52173913043478,61,115,53.04347826086957,-37.47040532,140.5188768,Outer Regional
48410,West Torrens,SOUTH AUSTRALIA,107,529,20.226843100189036,57,528,10.795454545454545,319,529,60.30245746691871,-34.94140638,138.54386131,Major Cities
48540,Whyalla,SOUTH AUSTRALIA,80,224,35.714285714285715,53,224,23.660714285714285,101,224,45.089285714285715,-33.03731103,137.49435712,Outer Regional
48640,Wudinna,SOUTH AUSTRALIA,,,,,,,,,,-33.02866409,135.31463839,Very Remote
48750,Yankalilla,SOUTH AUSTRALIA,13,52,25,4,52,7.6923076923076925,21,52,40.38461538461539,-35.51859227,138.33709317,Inner Regional
48830,Yorke Peninsula,SOUTH AUSTRALIA,16,93,17.20430107526882,7,93,7.526881720430108,60,93,64.51612903225806,-34.68371184,137.5599406,Outer Regional
49399,Unincorporated SA,SOUTH AUSTRALIA,12,29,41.37931034482759,4,30,13.333333333333334,11,29,37.93103448275862,-29.59022526,136.74961313,Very Remote
50080,Albany,WESTERN AUSTRALIA,106,415,25.542168674698797,58,415,13.975903614457833,220,416,52.88461538461539,-34.73895437,118.18300477,Outer Regional
50210,Armadale,WESTERN AUSTRALIA,494,1601,30.855715178013742,284,1603,17.71678103555833,747,1601,46.65833853841349,-32.16753197,116.13697809,Major Cities
50250,Ashburton,WESTERN AUSTRALIA,34,117,29.059829059829063,21,117,17.94871794871795,51,117,43.58974358974359,-22.49367631,116.7262577,Very Remote
50350,Bassendean,WESTERN AUSTRALIA,44,179,24.581005586592177,23,180,12.777777777777777,97,179,54.18994413407822,-31.90384753,115.94522109,Major Cities
50420,Bayswater,WESTERN AUSTRALIA,146,706,20.679886685552407,88,720,12.222222222222221,380,710,53.52112676056338,-31.9057236,115.90827663,Major Cities
50490,Belmont,WESTERN AUSTRALIA,99,413,23.97094430992736,40,413,9.685230024213075,214,413,51.81598062953995,-31.9563827,115.94827891,Major Cities
50560,Beverley,WESTERN AUSTRALIA,,,,,,,,,,-32.17466449,116.79657927,Outer Regional
50630,Boddington,WESTERN AUSTRALIA,,,,,,,,,,-32.8162963,116.39989012,Inner Regional
50770,Boyup Brook,WESTERN AUSTRALIA,9,23,39.130434782608695,5,23,21.73913043478261,9,23,39.130434782608695,-33.89176767,116.52403016,Outer Regional
50840,Bridgetown-Greenbushes,WESTERN AUSTRALIA,6,48,12.5,2,48,4.166666666666666,22,48,45.83333333333333,-34.00378095,116.19099008,Outer Regional
50910,Brookton,WESTERN AUSTRALIA,,,,,,,,,,-32.36199532,117.00308916,Outer Regional
50980,Broome,WESTERN AUSTRALIA,61,199,30.65326633165829,35,200,17.5,94,200,47,-18.67146157,122.46329048,Remote
51080,Broomehill-Tambellup,WESTERN AUSTRALIA,5,20,25,2,20,10,13,20,65,-34.00250967,117.66131856,Outer Regional
51120,Bruce Rock,WESTERN AUSTRALIA,2,15,13.333333333333334,2,15,13.333333333333334,7,15,46.666666666666664,-31.95258954,118.02862997,Remote
51190,Bunbury,WESTERN AUSTRALIA,72,317,22.71293375394322,40,317,12.618296529968454,168,317,52.99684542586751,-33.35164656,115.66439403,Inner Regional
51260,Busselton,WESTERN AUSTRALIA,66,498,13.253012048192772,31,500,6.2,338,502,67.33067729083665,-33.71844401,115.34885982,Inner Regional
51310,Cambridge,WESTERN AUSTRALIA,41,290,14.13793103448276,15,289,5.190311418685121,183,290,63.10344827586207,-31.93629954,115.78643222,Major Cities
51330,Canning,WESTERN AUSTRALIA,224,1047,21.39446036294174,111,1050,10.571428571428571,580,1048,55.343511450381676,-32.03689462,115.91635099,Major Cities
51400,Capel,WESTERN AUSTRALIA,57,242,23.553719008264462,34,242,14.049586776859504,119,242,49.17355371900827,-33.53235059,115.63571982,Inner Regional
51470,Carnamah,WESTERN AUSTRALIA,,,,,,,,,,-29.77322287,115.57783241,Remote
51540,Carnarvon,WESTERN AUSTRALIA,28,63,44.44444444444444,23,63,36.507936507936506,26,63,41.269841269841265,-24.34995848,114.39102915,Very Remote
51610,Chapman Valley,WESTERN AUSTRALIA,,,,,,,,,,-28.32237686,115.05912618,Outer Regional
51680,Chittering,WESTERN AUSTRALIA,12,73,16.43835616438356,5,73,6.8493150684931505,46,73,63.013698630136986,-31.37439472,116.07833617,Inner Regional
51750,Claremont,WESTERN AUSTRALIA,17,135,12.592592592592592,12,135,8.88888888888889,88,135,65.18518518518519,-31.9801491,115.77997605,Major Cities
51820,Cockburn,WESTERN AUSTRALIA,308,1479,20.824881676808655,144,1498,9.612817089452603,815,1487,54.80833893745797,-32.11430928,115.7929531,Major Cities
51890,Collie,WESTERN AUSTRALIA,30,115,26.08695652173913,9,115,7.82608695652174,55,115,47.82608695652174,-33.28355478,116.21156609,Inner Regional
51960,Coolgardie,WESTERN AUSTRALIA,15,44,34.090909090909086,10,44,22.727272727272727,16,44,36.36363636363637,-31.18678543,120.96446296,Outer Regional
52030,Coorow,WESTERN AUSTRALIA,,,,,,,,,,-30.02161616,115.75921417,Remote
52100,Corrigin,WESTERN AUSTRALIA,,,,,,,,,,-32.35836673,117.79902921,Remote
52170,Cottesloe ,WESTERN AUSTRALIA,,,,,,,,,,-31.99400323,115.75849608,Major Cities
52240,Cranbrook,WESTERN AUSTRALIA,,,,,,,,,,-34.31481842,117.28587301,Outer Regional
52310,Cuballing,WESTERN AUSTRALIA,,,,,,,,,,-32.73540941,117.15917413,Outer Regional
52380,Cue,WESTERN AUSTRALIA,,,,,,,,,,-27.31082065,117.94004081,Very Remote
52450,Cunderdin,WESTERN AUSTRALIA,,,,,,,,,,-31.59958143,117.15571981,Outer Regional
52520,Dalwallinu,WESTERN AUSTRALIA,3,19,15.789473684210526,1,19,5.263157894736842,14,19,73.68421052631578,-30.12524679,116.94475432,Remote
52590,Dandaragan,WESTERN AUSTRALIA,4,32,12.5,2,33,6.0606060606060606,22,32,68.75,-30.53961369,115.50606999,Outer Regional
52660,Dardanup,WESTERN AUSTRALIA,43,202,21.287128712871286,23,202,11.386138613861387,110,202,54.45544554455446,-33.41542499,115.85191471,Inner Regional
52730,Denmark,WESTERN AUSTRALIA,10,64,15.625,1,64,1.5625,46,64,71.875,-34.89048459,117.11882821,Outer Regional
52800,Derby-West Kimberley,WESTERN AUSTRALIA,53,96,55.208333333333336,37,96,38.54166666666667,21,96,21.875,-17.79071016,124.97705558,Very Remote
52870,Donnybrook-Balingup,WESTERN AUSTRALIA,17,73,23.28767123287671,4,73,5.47945205479452,37,73,50.68493150684932,-33.66955307,115.97353805,Inner Regional
52940,Dowerin,WESTERN AUSTRALIA,,,,,,,,,,-31.10765635,117.11126817,Outer Regional
53010,Dumbleyung,WESTERN AUSTRALIA,,,,,,,,,,-33.22450145,117.96452743,Remote
53080,Dundas,WESTERN AUSTRALIA,,,,,,,,,,-32.01133557,124.41787802,Very Remote
53150,East Fremantle,WESTERN AUSTRALIA,15,73,20.54794520547945,7,73,9.58904109589041,40,73,54.794520547945204,-32.03794023,115.76816743,Major Cities
53220,East Pilbara,WESTERN AUSTRALIA,19,82,23.170731707317074,12,83,14.457831325301203,51,82,62.19512195121951,-21.76848399,123.59665936,Very Remote
53290,Esperance,WESTERN AUSTRALIA,42,176,23.863636363636363,20,176,11.363636363636363,105,176,59.65909090909091,-33.22197255,122.25028145,Remote
53360,Exmouth,WESTERN AUSTRALIA,4,40,10,1,40,2.5,17,40,42.5,-22.52170213,114.16701185,Very Remote
53430,Fremantle,WESTERN AUSTRALIA,57,314,18.152866242038215,29,315,9.206349206349207,182,314,57.961783439490446,-32.05764722,115.76656024,Major Cities
53570,Gingin,WESTERN AUSTRALIA,6,54,11.11111111111111,3,54,5.555555555555555,35,54,64.81481481481481,-31.19158,115.69917407,Inner Regional
53640,Gnowangerup,WESTERN AUSTRALIA,1,21,4.761904761904762,0,21,0,15,21,71.42857142857143,-34.06213521,118.28874204,Remote
53710,Goomalling,WESTERN AUSTRALIA,,,,,,,,,,-31.24284099,116.78474777,Outer Regional
53780,Gosnells,WESTERN AUSTRALIA,575,1679,34.24657534246575,327,1678,19.487485101311083,698,1690,41.30177514792899,-32.06623178,115.99213678,Major Cities
53800,Greater Geraldton,WESTERN AUSTRALIA,177,508,34.84251968503937,103,511,20.15655577299413,219,509,43.02554027504912,-28.56154787,115.49714849,Outer Regional
53920,Halls Creek,WESTERN AUSTRALIA,22,35,62.857142857142854,14,35,40,7,35,20,-19.25821692,127.61695306,Very Remote
53990,Harvey,WESTERN AUSTRALIA,90,358,25.139664804469277,42,358,11.731843575418994,199,358,55.58659217877096,-33.10110481,115.91249556,Inner Regional
54060,Irwin,WESTERN AUSTRALIA,4,25,16,2,25,8,16,25,64,-29.32604198,115.09181131,Outer Regional
54130,Jerramungup,WESTERN AUSTRALIA,,,,,,,,,,-34.07044001,119.10126543,Remote
54170,Joondalup,WESTERN AUSTRALIA,297,1769,16.789146410401358,167,1770,9.435028248587571,1096,1769,61.95590729225551,-31.78349268,115.76670322,Major Cities
54200,Kalamunda,WESTERN AUSTRALIA,166,706,23.512747875354105,79,706,11.189801699716714,376,707,53.18246110325319,-32.01224507,116.12276345,Major Cities
54310,Karratha,WESTERN AUSTRALIA,80,389,20.565552699228792,43,389,11.053984575835475,219,389,56.29820051413882,-21.04922609,117.03589503,Remote
54340,Katanning,WESTERN AUSTRALIA,8,58,13.793103448275861,5,58,8.620689655172415,43,58,74.13793103448276,-33.64830044,117.68421631,Outer Regional
54410,Kellerberrin,WESTERN AUSTRALIA,,,,,,,,,,-31.58234584,117.81452583,Outer Regional
54480,Kent,WESTERN AUSTRALIA,,,,,,,,,,-33.55082935,118.57223552,Remote
54550,Kojonup,WESTERN AUSTRALIA,5,22,22.727272727272727,4,22,18.181818181818183,8,22,36.36363636363637,-33.90763659,117.04801184,Outer Regional
54620,Kondinin,WESTERN AUSTRALIA,,,,,,,,,,-32.42731714,119.18479918,Remote
54690,Koorda,WESTERN AUSTRALIA,,,,,,,,,,-30.59049156,117.42546142,Remote
54760,Kulin,WESTERN AUSTRALIA,,,,,,,,,,-32.71752012,118.57610617,Remote
54830,Kwinana,WESTERN AUSTRALIA,208,767,27.11864406779661,107,770,13.896103896103895,378,769,49.15474642392718,-32.2276902,115.82866204,Major Cities
54900,Lake Grace,WESTERN AUSTRALIA,5,17,29.411764705882355,1,17,5.88235294117647,12,17,70.58823529411765,-33.05989716,119.28752844,Remote
54970,Laverton,WESTERN AUSTRALIA,,,,,,,,,,-27.89112094,125.40147768,Very Remote
55040,Leonora,WESTERN AUSTRALIA,13,28,46.42857142857143,4,26,15.384615384615385,11,28,39.285714285714285,-28.21232792,121.14536605,Very Remote
55110,Mandurah,WESTERN AUSTRALIA,274,996,27.510040160642568,150,998,15.030060120240481,485,998,48.59719438877755,-32.63379595,115.68292402,Major Cities
55180,Manjimup,WESTERN AUSTRALIA,21,99,21.21212121212121,12,99,12.121212121212121,61,99,61.61616161616161,-34.55714017,116.32567815,Outer Regional
55250,Meekatharra,WESTERN AUSTRALIA,,,,,,,,,,-25.14011036,118.86401274,Very Remote
55320,Melville,WESTERN AUSTRALIA,153,1081,14.153561517113783,61,1082,5.6377079482439925,705,1082,65.15711645101663,-32.04744661,115.82938816,Major Cities
55390,Menzies,WESTERN AUSTRALIA,,,,,,,,,,-29.57510539,123.97091544,Very Remote
55460,Merredin,WESTERN AUSTRALIA,8,34,23.52941176470588,4,34,11.76470588235294,18,34,52.94117647058824,-31.51532775,118.3593488,Outer Regional
55530,Mingenew,WESTERN AUSTRALIA,,,,,,,,,,-29.15819915,115.48424935,Outer Regional
55600,Moora,WESTERN AUSTRALIA,6,36,16.666666666666664,4,36,11.11111111111111,23,36,63.888888888888886,-30.49805819,116.18544378,Outer Regional
55670,Morawa,WESTERN AUSTRALIA,,,,,,,,,,-29.06691948,116.01708729,Remote
55740,Mosman Park,WESTERN AUSTRALIA,13,87,14.942528735632186,10,87,11.494252873563218,60,87,68.96551724137932,-32.01480439,115.76554573,Major Cities
55810,Mount Magnet,WESTERN AUSTRALIA,,,,,,,,,,-28.2380656,117.97640839,Very Remote
55880,Mount Marshall,WESTERN AUSTRALIA,,,,,,,,,,-30.18376616,117.96217771,Remote
55950,Mukinbudin,WESTERN AUSTRALIA,,,,,,,,,,-30.62995354,118.31113579,Remote
56090,Mundaring,WESTERN AUSTRALIA,96,449,21.380846325167038,42,449,9.35412026726058,250,450,55.55555555555556,-31.89993671,116.25163922,Major Cities
56160,Murchison,WESTERN AUSTRALIA,,,,,,,,,,-26.75184647,116.29975404,Very Remote
56230,Murray,WESTERN AUSTRALIA,65,224,29.017857142857146,27,224,12.053571428571429,101,224,45.089285714285715,-32.62366266,115.98943158,Major Cities
56300,Nannup,WESTERN AUSTRALIA,,,,,,,,,,-34.12843586,115.66389613,Outer Regional
56370,Narembeen,WESTERN AUSTRALIA,,,,,,,,,,-32.04711572,118.65384822,Remote
56460,Narrogin,WESTERN AUSTRALIA,13,46,28.26086956521739,9,46,19.565217391304348,17,46,36.95652173913043,-32.99537812,117.26224944,Outer Regional
56580,Nedlands,WESTERN AUSTRALIA,30,214,14.018691588785046,18,214,8.411214953271028,147,214,68.69158878504673,-31.97240006,115.78994859,Major Cities
56620,Ngaanyatjarraku,WESTERN AUSTRALIA,,,,,,,,,,-25.09484258,126.83536317,Very Remote
56730,Northam,WESTERN AUSTRALIA,30,107,28.037383177570092,17,106,16.037735849056602,60,107,56.074766355140184,-31.68594733,116.63599606,Inner Regional
56790,Northampton,WESTERN AUSTRALIA,4,25,16,3,25,12,18,25,72,-27.75307949,114.6459137,Remote
56860,Nungarin,WESTERN AUSTRALIA,,,,,,,,,,-31.14939384,118.20808814,Remote
56930,Peppermint Grove,WESTERN AUSTRALIA,,,,,,,,,,-31.99933321,115.76714273,Major Cities
57000,Perenjori,WESTERN AUSTRALIA,,,,,,,,,,-29.4439406,116.61141617,Remote
57080,Perth,WESTERN AUSTRALIA,36,162,22.22222222222222,17,164,10.365853658536585,91,162,56.17283950617284,-31.95763435,115.85066256,Major Cities
57140,Pingelly,WESTERN AUSTRALIA,3,19,15.789473684210526,2,19,10.526315789473683,10,19,52.63157894736842,-32.51995909,117.22204648,Outer Regional
57210,Plantagenet,WESTERN AUSTRALIA,15,41,36.58536585365854,11,40,27.500000000000004,17,41,41.46341463414634,-34.597219,117.56196899,Outer Regional
57280,Port Hedland,WESTERN AUSTRALIA,53,226,23.451327433628318,25,227,11.013215859030836,143,226,63.27433628318584,-20.92912306,118.67320352,Remote
57350,Quairading,WESTERN AUSTRALIA,,,,,,,,,,-32.0048157,117.42343972,Outer Regional
57420,Ravensthorpe,WESTERN AUSTRALIA,8,21,38.095238095238095,4,21,19.047619047619047,9,21,42.857142857142854,-33.61619563,120.13859849,Very Remote
57490,Rockingham,WESTERN AUSTRALIA,470,1832,25.655021834061138,256,1832,13.973799126637553,891,1833,48.608837970540094,-32.34418253,115.7889968,Major Cities
57630,Sandstone,WESTERN AUSTRALIA,0,0,0,0,0,0,0,0,0,-28.33591443,119.17311271,Very Remote
57700,Serpentine-Jarrahdale,WESTERN AUSTRALIA,165,589,28.01358234295416,94,589,15.959252971137522,279,589,47.368421052631575,-32.3442558,116.03433103,Major Cities
57770,Shark Bay,WESTERN AUSTRALIA,,,,,,,,,,-26.5367245,114.52514195,Very Remote
57840,South Perth,WESTERN AUSTRALIA,90,388,23.195876288659793,45,389,11.568123393316196,221,388,56.95876288659794,-31.99785705,115.8700148,Major Cities
57910,Stirling,WESTERN AUSTRALIA,530,2453,21.60619649408887,262,2462,10.641754670999187,1369,2458,55.69568755085436,-31.88569324,115.81962691,Major Cities
57980,Subiaco,WESTERN AUSTRALIA,14,138,10.144927536231885,3,139,2.158273381294964,104,139,74.82014388489209,-31.95765936,115.81867024,Major Cities
58050,Swan,WESTERN AUSTRALIA,632,2266,27.890556045895853,326,2270,14.36123348017621,1088,2273,47.866256049274085,-31.74142372,116.06742231,Major Cities
58190,Tammin,WESTERN AUSTRALIA,,,,,,,,,,-31.60667626,117.49499086,Outer Regional
58260,Three Springs,WESTERN AUSTRALIA,,,,,,,,,,-29.52576731,115.57731571,Remote
58330,Toodyay,WESTERN AUSTRALIA,8,29,27.586206896551722,6,29,20.689655172413794,11,29,37.93103448275862,-31.47109271,116.38065467,Inner Regional
58400,Trayning,WESTERN AUSTRALIA,,,,,,,,,,-31.14401176,117.80687325,Remote
58470,Upper Gascoyne,WESTERN AUSTRALIA,,,,,,,,,,-24.72658929,116.35511114,Very Remote
58510,Victoria Park,WESTERN AUSTRALIA,81,368,22.01086956521739,33,373,8.847184986595174,205,371,55.25606469002695,-31.97971369,115.90147001,Major Cities
58540,Victoria Plains,WESTERN AUSTRALIA,,,,,,,,,,-31.01433502,116.31959394,Outer Regional
58570,Vincent,WESTERN AUSTRALIA,45,356,12.640449438202248,23,356,6.460674157303371,230,356,64.60674157303372,-31.9312904,115.85254459,Major Cities
58610,Wagin,WESTERN AUSTRALIA,,,,,,,,,,-33.27669357,117.36992907,Outer Regional
58680,Wandering,WESTERN AUSTRALIA,,,,,,,,,,-32.54718278,116.58125508,Outer Regional
58760,Wanneroo,WESTERN AUSTRALIA,758,3044,24.90144546649146,390,3046,12.803676953381485,1606,3045,52.74220032840723,-31.61228141,115.76325673,Major Cities
58820,Waroona,WESTERN AUSTRALIA,6,38,15.789473684210526,3,38,7.894736842105263,21,38,55.26315789473685,-32.85795233,115.92009529,Inner Regional
58890,West Arthur,WESTERN AUSTRALIA,,,,,,,,,,-33.45713017,116.73936719,Outer Regional
59030,Westonia,WESTERN AUSTRALIA,0,0,0,0,0,0,0,0,0,-30.96757687,118.65624702,Remote
59100,Wickepin,WESTERN AUSTRALIA,,,,,,,,,,-32.80696476,117.67176169,Outer Regional
59170,Williams,WESTERN AUSTRALIA,4,18,22.22222222222222,2,18,11.11111111111111,12,18,66.66666666666666,-33.07142707,116.72808922,Outer Regional
59250,Wiluna,WESTERN AUSTRALIA,,,,,,,,,,-25.3120282,122.24507953,Very Remote
59310,Wongan-Ballidu,WESTERN AUSTRALIA,,,,,,,,,,-30.71713078,116.84261422,Outer Regional
59320,Woodanilling,WESTERN AUSTRALIA,,,,,,,,,,-33.53366586,117.33806234,Outer Regional
59330,Wyalkatchem,WESTERN AUSTRALIA,,,,,,,,,,-31.18668907,117.43527704,Outer Regional
59340,Wyndham-East Kimberley,WESTERN AUSTRALIA,63,117,53.84615384615385,37,117,31.62393162393162,34,117,29.059829059829063,-15.55897819,127.05167703,Very Remote
59350,Yalgoo,WESTERN AUSTRALIA,,,,,,,,,,-28.56517308,117.05027309,Very Remote
59360,Yilgarn,WESTERN AUSTRALIA,,,,,,,,,,-30.95734797,119.34198505,Remote
59370,York,WESTERN AUSTRALIA,3,28,10.714285714285714,1,28,3.571428571428571,22,28,78.57142857142857,-31.92637971,116.73542793,Inner Regional
60210,Break O'Day,TASMANIA,12,32,37.5,5,32,15.625,15,32,46.875,-41.42530796,148.04989461,Outer Regional
60410,Brighton,TASMANIA,86,252,34.12698412698413,57,252,22.61904761904762,98,252,38.88888888888889,-42.71934256,147.26094761,Inner Regional
60610,Burnie,TASMANIA,67,201,33.33333333333333,45,202,22.277227722772277,84,202,41.584158415841586,-41.21605783,145.80619367,Outer Regional
61210,Circular Head,TASMANIA,14,81,17.28395061728395,9,81,11.11111111111111,49,81,60.49382716049383,-41.07894879,145.01465426,Outer Regional
61410,Clarence,TASMANIA,128,623,20.545746388443018,71,623,11.396468699839486,335,623,53.77207062600321,-42.83702628,147.43413407,Inner Regional
61510,Derwent Valley,TASMANIA,49,121,40.49586776859504,30,121,24.793388429752067,41,121,33.88429752066116,-42.81296983,146.42135512,Inner Regional
61610,Devonport,TASMANIA,55,225,24.444444444444443,23,225,10.222222222222223,102,225,45.33333333333333,-41.20869693,146.31189943,Outer Regional
61810,Dorset,TASMANIA,9,52,17.307692307692307,6,52,11.538461538461538,25,52,48.07692307692308,-41.07212137,147.70851455,Outer Regional
62210,George Town,TASMANIA,19,60,31.666666666666664,9,61,14.754098360655737,25,60,41.66666666666667,-41.10217987,147.02601659,Outer Regional
62610,Glenorchy,TASMANIA,156,433,36.027713625866056,91,433,21.016166281755197,164,433,37.87528868360277,-42.83933315,147.21976047,Inner Regional
62810,Hobart,TASMANIA,66,404,16.33663366336634,29,404,7.1782178217821775,250,404,61.88118811881188,-42.89783875,147.2876066,Inner Regional
63010,Huon Valley,TASMANIA,35,171,20.46783625730994,23,173,13.294797687861271,90,172,52.32558139534884,-43.25142971,146.59715482,Outer Regional
63210,Kentish,TASMANIA,14,59,23.728813559322035,8,59,13.559322033898304,30,59,50.847457627118644,-41.45396931,146.18351449,Outer Regional
63410,King Island,TASMANIA,,,,,,,,,,-39.86381398,143.9854801,Very Remote
63610,Kingborough,TASMANIA,71,408,17.401960784313726,26,413,6.2953995157385,244,409,59.65770171149144,-43.18919884,147.26233473,Inner Regional
64010,Launceston,TASMANIA,192,714,26.89075630252101,106,714,14.84593837535014,328,714,45.938375350140056,-41.36063424,147.30581473,Inner Regional
64210,Meander Valley,TASMANIA,54,197,27.411167512690355,29,199,14.572864321608039,92,198,46.464646464646464,-41.62665438,146.48478161,Inner Regional
64610,Northern Midlands,TASMANIA,28,148,18.91891891891892,16,148,10.81081081081081,72,148,48.64864864864865,-41.84018693,147.46016822,Inner Regional
64810,Sorell,TASMANIA,72,178,40.44943820224719,46,178,25.842696629213485,64,178,35.95505617977528,-42.77865706,147.69612893,Inner Regional
65010,Southern Midlands,TASMANIA,23,71,32.3943661971831,12,71,16.901408450704224,31,71,43.66197183098591,-42.43456223,147.40055076,Outer Regional
65210,Tasman,TASMANIA,,,,,,,,,,-43.05466511,147.83464487,Outer Regional
65610,West Coast,TASMANIA,16,37,43.24324324324324,8,37,21.62162162162162,11,37,29.72972972972973,-42.29818814,145.63731901,Remote
65810,West Tamar,TASMANIA,62,214,28.971962616822427,34,213,15.96244131455399,105,214,49.06542056074766,-41.28164197,146.86439621,Inner Regional
70200,Alice Springs,NORTHERN TERRITORY,112,309,36.24595469255664,70,315,22.22222222222222,129,311,41.47909967845659,-23.73507313,133.85476863,Remote
70420,Barkly,NORTHERN TERRITORY,42,69,60.86956521739131,30,68,44.11764705882353,11,69,15.942028985507244,-19.44409604,135.08474621,Very Remote
70540,Belyuen,NORTHERN TERRITORY,,,,,,,,,,-12.53818463,130.68318053,Remote
70620,Central Desert,NORTHERN TERRITORY,60,72,83.33333333333334,48,72,66.66666666666666,5,72,6.944444444444445,-21.48983659,132.41529992,Very Remote
70700,Coomalie ,NORTHERN TERRITORY,7,16,43.75,6,16,37.5,2,16,12.5,-13.12575218,131.08285407,Remote
71000,Darwin,NORTHERN TERRITORY,271,856,31.6588785046729,168,856,19.626168224299064,376,856,43.925233644859816,-12.39842546,130.88700196,Outer Regional
71300,East Arnhem,NORTHERN TERRITORY,64,97,65.97938144329896,45,96,46.875,6,97,6.185567010309279,-12.93324373,135.74553078,Very Remote
72200,Katherine,NORTHERN TERRITORY,68,134,50.74626865671642,47,133,35.338345864661655,45,135,33.33333333333333,-14.69017269,132.19508198,Remote
72300,Litchfield,NORTHERN TERRITORY,80,238,33.61344537815126,46,238,19.327731092436977,97,240,40.416666666666664,-12.53745077,131.12180058,Outer Regional
72330,MacDonnell,NORTHERN TERRITORY,48,62,77.41935483870968,43,62,69.35483870967742,5,62,8.064516129032258,-24.63730163,133.16150862,Very Remote
72800,Palmerston,NORTHERN TERRITORY,161,529,30.434782608695656,103,529,19.47069943289225,251,530,47.35849056603774,-12.50251941,130.97917679,Outer Regional
73600,Roper Gulf,NORTHERN TERRITORY,48,73,65.75342465753424,27,72,37.5,16,73,21.91780821917808,-15.4348397,134.65113098,Very Remote
74050,Tiwi Islands,NORTHERN TERRITORY,,,,17,22,77.27272727272727,0,22,0,-11.55984546,130.81629614,Remote
74550,Victoria Daly,NORTHERN TERRITORY,20,34,58.82352941176471,12,34,35.294117647058826,8,34,23.52941176470588,-16.24958627,130.65862692,Very Remote
74560,Wagait,NORTHERN TERRITORY,,,,,,,,,,-12.44123545,130.7497047,Remote
74660,West Arnhem,NORTHERN TERRITORY,37,53,69.81132075471697,22,52,42.30769230769231,10,53,18.867924528301888,-12.50805817,133.25851353,Very Remote
74680,West Daly,NORTHERN TERRITORY,,,,18,21,85.71428571428571,0,21,0,-14.22300732,130.06033937,Remote
79399,Unincorporated NT,NORTHERN TERRITORY,31,89,34.831460674157306,17,89,19.101123595505616,37,90,41.11111111111111,-13.11245353,131.18721705,Very Remote
89399,Unincorporated ACT,AUSTRALIAN CAPITAL TERRITORY,1368,4876,28.055783429040197,728,4902,14.851081191350469,2147,4898,43.83421804818293,-35.48876608,149.00252307,Major Cities
