quintile,cycle,vulnerable_1plus_pct
Quintile 1 (most disadvantaged),2024,34.69
Quintile 1 (most disadvantaged),2021,33.29
Quintile 1 (most disadvantaged),2018,32.35
Quintile 1 (most disadvantaged),2015,32.55
Quintile 1 (most disadvantaged),2012,33.24
Quintile 1 (most disadvantaged),2009,32.07
Quintile 2,2024,26.28
Quintile 2,2021,24.74
Quintile 2,2018,24.12
Quintile 2,2015,24.8
Quintile 2,2012,24.8
Quintile 2,2009,26.08
Quintile 3,2024,22.04
Quintile 3,2021,20.45
Quintile 3,2018,20.32
Quintile 3,2015,20.87
Quintile 3,2012,20.79
Quintile 3,2009,22.99
Quintile 4,2024,19.3
Quintile 4,2021,17.73
Quintile 4,2018,17.87
Quintile 4,2015,17.9
Quintile 4,2012,17.9
Quintile 4,2009,20.05
Quintile 5 (least disadvantaged),2024,16.2
Quintile 5 (least disadvantaged),2021,14.63
Quintile 5 (least disadvantaged),2018,14.74
Quintile 5 (least disadvantaged),2015,15.47
Quintile 5 (least disadvantaged),2012,14.27
Quintile 5 (least disadvantaged),2009,16.69
